Date,Country,HomeCountry,Home,AwayCountry,Away,HomeGoals,AwayGoals,HomeExGoals,AwayExGoals,HFA,EloChange,HomeElo,AwayElo,HomeTilt,AwayTilt,HomeRank,AwayRank,day_name,period,day_type,stadium,stint_id,coach,start_date,end_date
21/08/1982,NED,NED,Breda,NED,Helmond Sport,4,2,1.742492199,0.787895083,104.0832748,5.407763004,1485.542236,1403.020264,0.981901348,1,,,Saturday,avondje_nac_bea,avondje_nac,beatrix_straat,42,Jo Jansen,22/01/1979,30/06/1983
30/03/2002,NED,NED,Breda,NED,De Graafschap,1,0,2.0970397,0.874137104,99.64463043,3.133993864,1552.270874,1432.942993,1.033486605,1.064791799,,,Saturday,avondje_nac_rat,avondje_nac,rat_verlegh,27,Henk ten Cate,01/07/2000,30/06/2003
26/11/2011,NED,NED,Breda,NED,Heerenveen,2,2,1.62341547,1.37790525,104.1911697,-1.224573493,1469.189087,1530.619629,1.087449551,1.247697115,,,Saturday,avondje_nac_rat,avondje_nac,rat_verlegh,19,John Karelse,01/07/2011,23/10/2012
10/11/1979,NED,NED,Breda,NED,Nijmegen,1,0,1.589397192,0.891754627,124.8074112,4.956975937,1455.281006,1451.743164,0.956520617,1.011094332,,,Saturday,avondje_nac_bea,avondje_nac,beatrix_straat,42,Jo Jansen,22/01/1979,30/06/1983
19/03/1977,NED,NED,Breda,NED,Venlo,2,1,1.769925356,0.793946266,119.002533,3.641875267,1509.538818,1431.65271,0.975127697,0.99894768,,,Saturday,avondje_nac_bea,avondje_nac,beatrix_straat,44,Bob Maaskant,01/07/1975,30/06/1977
18/08/2018,NED,NED,Breda,NED,De Graafschap,3,0,1.457417488,1.02645421,65.06759644,10.16559505,1308.553833,1282.165771,0.994387627,0.992345691,,,Saturday,avondje_nac_rat,avondje_nac,rat_verlegh,12,Mitchell van der Gaag,01/07/2018,18/03/2019
06/12/1980,NED,NED,Breda,NED,Excelsior,1,1,1.810293794,1.002566218,118.5718765,-3.587254763,1472.067871,1460.20459,1.039564848,1.136896849,,,Saturday,avondje_nac_bea,avondje_nac,beatrix_straat,42,Jo Jansen,22/01/1979,30/06/1983
17/05/1997,NED,NED,Breda,NED,Waalwijk,0,2,1.913223267,0.919086039,80.32027435,-17.36436081,1535.394775,1439.325928,1.132233143,1.022743464,,,Saturday,avondje_nac_rat,avondje_nac,rat_verlegh,31,Wim Rijsbergen,01/07/1995,30/06/1997
15/02/2025,NED,NED,Breda,NED,Feyenoord,0,0,0.801401377,2.666170597,60.60310745,7.253184319,1373.634888,1753.453857,1.021968603,1.154244304,,37,Saturday,avondje_nac_rat,avondje_nac,rat_verlegh,0,Carl Hoefkens,01/07/2024,31/12/2028
14/02/2009,NED,NED,Breda,NED,Roda,1,0,1.781109214,1.019086838,91.48722839,4.379075527,1480.45459,1417.563354,1.055197477,1.095778465,,,Saturday,avondje_nac_rat,avondje_nac,rat_verlegh,21,Robert Maaskant,01/07/2008,20/08/2010
26/02/1977,NED,NED,Breda,NED,Sparta Rotterdam,0,0,1.532434225,0.910447359,119.4883804,-2.934794426,1521.251343,1535.685791,0.993187487,0.967053592,,,Saturday,avondje_nac_bea,avondje_nac,beatrix_straat,44,Bob Maaskant,01/07/1975,30/06/1977
08/11/2014,NED,NED,Breda,NED,Alkmaar,0,1,1.269023061,1.334752798,85.29350281,-7.38966465,1361.130981,1465.936646,1.052769423,1.021995902,,,Saturday,avondje_nac_rat,avondje_nac,rat_verlegh,16,Eric Hellemons,13/10/2014,01/01/2015
16/09/2017,NED,NED,Breda,NED,Groningen,2,1,1.220405698,1.6161654,69.40010071,10.06428051,1259.696167,1407.950684,1.033065796,1.149225235,,,Saturday,avondje_nac_rat,avondje_nac,rat_verlegh,13,Stijn Vreven,01/01/2017,30/06/2018
19/11/2005,NED,NED,Breda,NED,Utrecht,0,1,1.456765532,1.19234705,76.25730896,-8.981905937,1474.432983,1513.820313,1.111242533,0.985535264,,,Saturday,avondje_nac_rat,avondje_nac,rat_verlegh,25,Mark Schenning,01/07/2005,30/06/2006
14/03/1998,NED,NED,Breda,NED,Twente,1,0,1.306403041,1.10180676,83.48894501,7.372870445,1516.475952,1571.558105,1.031080961,0.946389079,,,Saturday,avondje_nac_rat,avondje_nac,rat_verlegh,30,Herbert Neumann,01/07/1997,08/10/1998
25/04/1981,NED,NED,Breda,NED,Roda,1,0,1.669408321,1.337704778,112.196579,6.684864521,1474.60791,1541.16626,1.04497087,1.2360847,,,Saturday,avondje_nac_bea,avondje_nac,beatrix_straat,42,Jo Jansen,22/01/1979,30/06/1983
10/04/1982,NED,NED,Breda,NED,Ajax,0,4,1.348942161,2.201373577,101.8739243,-9.006875038,1507.719238,1734.721436,0.990551472,1.340068817,,24,Saturday,avondje_nac_bea,avondje_nac,beatrix_straat,42,Jo Jansen,22/01/1979,30/06/1983
03/11/2018,NED,NED,Breda,NED,Heracles,2,1,1.330374479,1.651015043,65.75640106,9.410064697,1296.650391,1423.056885,1.025854111,1.26624465,,,Saturday,avondje_nac_rat,avondje_nac,rat_verlegh,12,Mitchell van der Gaag,01/07/2018,18/03/2019
18/08/2001,NED,NED,Breda,NED,Utrecht,1,0,1.338072777,1.194564581,85.34490967,7.678598404,1462.402954,1535.818604,0.885202229,1.099865079,,,Saturday,avondje_nac_rat,avondje_nac,rat_verlegh,27,Henk ten Cate,01/07/2000,30/06/2003
24/04/1982,NED,NED,Breda,NED,Groningen,0,4,1.646254539,1.048974633,100.4721909,-20.91721344,1509.276123,1512.479492,0.985915482,1.148302555,,,Saturday,avondje_nac_bea,avondje_nac,beatrix_straat,42,Jo Jansen,22/01/1979,30/06/1983
11/04/1981,NED,NED,Breda,NED,Utrecht,0,3,1.261080146,1.44111526,114.5106049,-11.53080273,1493.867432,1652.578613,1.037535429,1.005239487,,69,Saturday,avondje_nac_bea,avondje_nac,beatrix_straat,42,Jo Jansen,22/01/1979,30/06/1983
15/02/2003,NED,NED,Breda,NED,Excelsior,2,1,2.041943312,0.744311988,97.62298584,2.489819527,1567.39502,1395.79126,0.941331208,1.005699873,,,Saturday,avondje_nac_rat,avondje_nac,rat_verlegh,27,Henk ten Cate,01/07/2000,30/06/2003
30/11/2002,NED,NED,Breda,NED,Roosendaal,1,0,2.076566219,0.773863673,93.83881378,2.590849876,1570.432373,1403.961548,0.975725472,1.004661798,,,Saturday,avondje_nac_rat,avondje_nac,rat_verlegh,27,Henk ten Cate,01/07/2000,30/06/2003
14/08/1993,NED,NED,Breda,NED,Roda,2,3,1.262944818,1.369502068,73.43980408,-6.847374916,1372.648071,1484.128296,1,1.136075258,,,Saturday,avondje_nac_bea,avondje_nac,beatrix_straat,32,Ronald Spelbos,01/01/1993,30/06/1995
21/01/1978,NED,NED,Breda,NED,Haarlem,2,1,1.592934012,0.765223026,122.4668427,4.207426071,1533.175903,1485.722412,0.931129336,0.927122116,,,Saturday,avondje_nac_bea,avondje_nac,beatrix_straat,43,Hans Dorjee,01/07/1977,30/06/1979
01/09/2012,NED,NED,Breda,NED,Utrecht,1,1,1.42229569,1.265988588,89.21414185,-0.788698614,1435.021606,1496.776489,1.041398287,1.088676333,,,Saturday,avondje_nac_rat,avondje_nac,rat_verlegh,19,John Karelse,01/07/2011,23/10/2012
03/12/1977,NED,NED,Breda,NED,Nijmegen,2,1,1.631644607,0.818020463,121.6921616,4.599401951,1522.530029,1497.705078,0.925865293,1.014707327,,,Saturday,avondje_nac_bea,avondje_nac,beatrix_straat,43,Hans Dorjee,01/07/1977,30/06/1979
14/05/1983,NED,NED,Breda,NED,Feyenoord,2,3,1.251288533,2.016629219,103.8176117,-4.633563995,1418.910278,1646.973267,1.083923221,1.107228994,,60,Saturday,avondje_nac_bea,avondje_nac,beatrix_straat,42,Jo Jansen,22/01/1979,30/06/1983
17/12/1977,NED,NED,Breda,NED,Sparta Rotterdam,0,0,1.354030967,1.028964043,121.0791931,-1.468861222,1542.245361,1611.919189,0.932404161,0.975605547,,87,Saturday,avondje_nac_bea,avondje_nac,beatrix_straat,43,Hans Dorjee,01/07/1977,30/06/1979
05/04/2014,NED,NED,Breda,NED,Twente,0,2,1.124740601,1.476353765,86.19657135,-8.33987236,1414.513062,1581.976807,1.011772275,1.024285078,,,Saturday,avondje_nac_rat,avondje_nac,rat_verlegh,17,Nebojsa Gudelj,21/11/2012,13/10/2014
27/03/2004,NED,NED,Breda,NED,Nijmegen,5,2,1.751108527,0.934271991,87.07255554,7.05137682,1558.772949,1474.735718,0.991646051,1.010285497,,,Saturday,avondje_nac_rat,avondje_nac,rat_verlegh,26,Ton Lokhoff,01/07/2003,30/12/2005
08/03/1997,NED,NED,Breda,NED,Volendam,3,0,1.799779415,0.906187177,77.84841156,7.173485756,1548.398315,1462.654541,1.141030788,0.948395848,,,Saturday,avondje_nac_rat,avondje_nac,rat_verlegh,31,Wim Rijsbergen,01/07/1995,30/06/1997
17/01/2009,NED,NED,Breda,NED,Utrecht,1,1,1.523095965,1.026174665,93.95029449,-2.699347734,1495.766968,1493.549316,1.035000205,1.032910943,,,Saturday,avondje_nac_rat,avondje_nac,rat_verlegh,21,Robert Maaskant,01/07/2008,20/08/2010
09/11/2024,NED,NED,Breda,NED,PSV,0,3,0.639974415,3.014736414,59.61906433,-1.899646997,1360.662598,1823.128662,0.989774585,1.195453763,,17,Saturday,avondje_nac_rat,avondje_nac,rat_verlegh,0,Carl Hoefkens,01/07/2024,31/12/2028
30/11/1996,NED,NED,Breda,NED,De Graafschap,2,1,1.634483218,1.040948033,81.09584808,5.300757885,1522.86084,1495.42749,1.113532305,1.029904366,,,Saturday,avondje_nac_rat,avondje_nac,rat_verlegh,31,Wim Rijsbergen,01/07/1995,30/06/1997
19/03/2005,NED,NED,Breda,NED,Nijmegen,1,2,1.625509858,0.995538592,73.75893402,-11.32883072,1498.629395,1445.089722,1.103489161,0.966818511,,,Saturday,avondje_nac_rat,avondje_nac,rat_verlegh,26,Ton Lokhoff,01/07/2003,30/12/2005
05/03/1983,NED,NED,Breda,NED,Excelsior,0,0,1.493145227,0.95892328,98.35421753,-2.514241934,1409.152222,1418.238892,1.021549582,0.952391624,,,Saturday,avondje_nac_bea,avondje_nac,beatrix_straat,42,Jo Jansen,22/01/1979,30/06/1983
21/09/1996,NED,NED,Breda,NED,Roda,0,1,1.305284858,1.297735572,80.84725189,-7.346485615,1584.050171,1685.286499,1.103227854,0.967531562,,52,Saturday,avondje_nac_rat,avondje_nac,rat_verlegh,31,Wim Rijsbergen,01/07/1995,30/06/1997
09/04/1977,NED,NED,Breda,NED,Utrecht,1,1,1.741635799,1.091466784,118.9626846,-2.577695847,1505.745728,1533.083496,1.000445247,1.164905787,,,Saturday,avondje_nac_bea,avondje_nac,beatrix_straat,44,Bob Maaskant,01/07/1975,30/06/1977
17/10/1998,NED,NED,Breda,NED,Maastricht,2,0,1.756249547,0.959996641,92.46654511,6.183308125,1484.419189,1424.015259,1.037110806,1.059608698,,,Saturday,avondje_nac_rat,avondje_nac,rat_verlegh,29,Ronald Spelbos,13/10/1998,22/03/1999
16/02/2013,NED,NED,Breda,NED,Heracles,1,1,1.569200158,1.362302661,78.43208313,-1.075360537,1419.246948,1460.172119,1.037841558,1.264354229,,,Saturday,avondje_nac_rat,avondje_nac,rat_verlegh,17,Nebojsa Gudelj,21/11/2012,13/10/2014
22/02/1997,NED,NED,Breda,NED,Heerenveen,2,2,1.835664511,1.253838658,75.40414429,-2.226238728,1546.035645,1542.775146,1.151761532,1.230981112,,,Saturday,avondje_nac_rat,avondje_nac,rat_verlegh,31,Wim Rijsbergen,01/07/1995,30/06/1997
22/01/1983,NED,NED,Breda,NED,Sittard,2,0,1.482826233,1.020138621,103.2873535,8.749621391,1403.294922,1432.46814,1.043826461,0.970782876,,,Saturday,avondje_nac_bea,avondje_nac,beatrix_straat,42,Jo Jansen,22/01/1979,30/06/1983
15/01/1994,NED,NED,Breda,NED,Cambuur,2,0,1.877059937,0.83940655,78.0070343,5.066642761,1440.745361,1322.657349,1.11990869,1.009210587,,,Saturday,avondje_nac_bea,avondje_nac,beatrix_straat,32,Ronald Spelbos,01/01/1993,30/06/1995
10/04/1976,NED,NED,Breda,NED,FC Eindhoven,2,0,1.624911904,0.914302289,118.5840988,7.227879047,1467.892456,1468.303223,1.006486416,1.010804892,,,Saturday,avondje_nac_bea,avondje_nac,beatrix_straat,44,Bob Maaskant,01/07/1975,30/06/1977
21/10/2017,NED,NED,Breda,NED,Zwolle,0,2,1.256710649,1.466778159,62.61333084,-9.628232956,1275.302856,1383.110718,0.99911195,1.137627721,,,Saturday,avondje_nac_rat,avondje_nac,rat_verlegh,13,Stijn Vreven,01/01/2017,30/06/2018
14/03/2015,NED,NED,Breda,NED,Go Ahead Eagles,1,0,1.500039339,1.035003901,82.4595108,5.769023418,1324.712891,1314.313965,0.986865222,1.023311257,,,Saturday,avondje_nac_rat,avondje_nac,rat_verlegh,15,Robert Maaskant,02/01/2015,06/10/2015
25/04/2015,NED,NED,Breda,NED,Heracles,1,3,1.506727815,1.167015314,77.64608002,-13.34907341,1350.571899,1365.575195,0.970107913,1.181243658,,,Saturday,avondje_nac_rat,avondje_nac,rat_verlegh,15,Robert Maaskant,02/01/2015,06/10/2015
19/09/1981,NED,NED,Breda,NED,Zwolle,4,0,1.647861719,0.937800288,107.4646454,10.2250309,1504.127441,1493.33728,1.055470705,1.007913828,,,Saturday,avondje_nac_bea,avondje_nac,beatrix_straat,42,Jo Jansen,22/01/1979,30/06/1983
20/11/1993,NED,NED,Breda,NED,Sparta Rotterdam,4,3,1.543749452,1.165886164,73.78105927,6.372956753,1408.707397,1421.967773,1.055452943,1.124320865,,,Saturday,avondje_nac_bea,avondje_nac,beatrix_straat,32,Ronald Spelbos,01/01/1993,30/06/1995
19/01/2008,NED,NED,Breda,NED,Willem II,1,0,1.740461707,0.930671453,80.57285309,4.180999279,1453.435547,1367.669556,1.046898484,1.020239711,,,Saturday,avondje_nac_rat,avondje_nac,rat_verlegh,22,Ernie Brandts,01/07/2006,30/06/2008
04/12/1982,NED,NED,Breda,NED,Utrecht,1,0,1.242386341,1.36570251,104.5460434,8.98152256,1413.055786,1555.65564,0.999041021,1.021821022,,,Saturday,avondje_nac_bea,avondje_nac,beatrix_straat,42,Jo Jansen,22/01/1979,30/06/1983
18/10/2025,NED,NED,Breda,NED,Zwolle,2,2,1.194195151,1.30032742,64.15771484,0.821943045,1330.955688,1423.735229,0.963751018,1.013424277,,,Saturday,avondje_nac_rat,avondje_nac,rat_verlegh,0,Carl Hoefkens,01/07/2024,31/12/2028
30/09/2017,NED,NED,Breda,NED,Den Haag,0,1,1.301396608,1.253164172,66.64334106,-7.999288082,1290.934082,1357.597046,1.023705721,1.045323014,,,Saturday,avondje_nac_rat,avondje_nac,rat_verlegh,13,Stijn Vreven,01/01/2017,30/06/2018
18/08/2012,NED,NED,Breda,NED,Twente,0,1,1.175516963,1.588708401,95.89467621,-5.684986591,1466.59668,1651.248169,1.048612833,1.073999763,,84,Saturday,avondje_nac_rat,avondje_nac,rat_verlegh,19,John Karelse,01/07/2011,23/10/2012
03/03/1979,NED,NED,Breda,NED,Zwolle,1,1,1.605178118,0.7736305,115.5325241,-4.180553436,1486.786621,1447.594604,0.988045752,0.923210979,,,Saturday,avondje_nac_bea,avondje_nac,beatrix_straat,42,Jo Jansen,22/01/1979,30/06/1983
25/11/1978,NED,NED,Breda,NED,Vitesse,0,0,1.8317101,1.01281929,113.8145142,-3.665073872,1503.316895,1483.583252,1.023081899,1.139210343,,,Saturday,avondje_nac_bea,avondje_nac,beatrix_straat,43,Hans Dorjee,01/07/1977,30/06/1979
06/10/1984,NED,NED,Breda,NED,Sittard,0,2,1.34726131,1.120702982,93.81185913,-12.3864603,1369.578491,1430.399292,0.971882045,1.004915595,,,Saturday,avondje_nac_bea,avondje_nac,beatrix_straat,39,Bob Maaskant,01/07/1984,30/06/1986
13/04/2002,NED,NED,Breda,NED,Nijmegen,1,3,1.847895503,0.862428784,100.6617203,-17.89733696,1568.794067,1482.187622,0.999135613,0.998333931,,,Saturday,avondje_nac_rat,avondje_nac,rat_verlegh,27,Henk ten Cate,01/07/2000,30/06/2003
27/04/2013,NED,NED,Breda,NED,Ajax,0,2,0.932141244,2.119610071,80.82594299,-4.442619324,1427.881958,1724.613892,1.011497021,1.095914602,,31,Saturday,avondje_nac_rat,avondje_nac,rat_verlegh,17,Nebojsa Gudelj,21/11/2012,13/10/2014
22/09/1984,NED,NED,Breda,NED,Alkmaar,0,0,1.253424287,1.461098909,98.52068329,1.399998784,1368.222046,1515.7052,0.98907584,1.084262609,,,Saturday,avondje_nac_bea,avondje_nac,beatrix_straat,39,Bob Maaskant,01/07/1984,30/06/1986
28/04/1979,NED,NED,Breda,NED,Go Ahead Eagles,3,1,1.470887542,0.977162659,120.4850464,8.46082592,1519.730225,1558.025757,0.934883595,1.03309536,,,Saturday,avondje_nac_bea,avondje_nac,beatrix_straat,42,Jo Jansen,22/01/1979,30/06/1983
24/02/1996,NED,NED,Breda,NED,Nijmegen,2,1,2.052937031,0.914095938,74.13405609,3.283375025,1558.044189,1421.78833,1.092752457,1.088535547,,,Saturday,avondje_nac_bea,avondje_nac,beatrix_straat,31,Wim Rijsbergen,01/07/1995,30/06/1997
16/09/1995,NED,NED,Breda,NED,Willem II,0,1,1.53216207,1.247765899,86.61818695,-8.866225243,1502.692993,1548.541992,1.191294074,1.018617034,,,Saturday,avondje_nac_bea,avondje_nac,beatrix_straat,31,Wim Rijsbergen,01/07/1995,30/06/1997
31/03/2001,NED,NED,Breda,NED,Sittard,1,0,1.512525558,0.941647708,87.24475098,5.400515556,1422.359619,1398.984253,0.961016417,0.979198039,,,Saturday,avondje_nac_rat,avondje_nac,rat_verlegh,27,Henk ten Cate,01/07/2000,30/06/2003
11/04/2015,NED,NED,Breda,NED,Dordrecht,2,2,1.795763612,0.856241345,77.15643311,-5.168679237,1347.395142,1225.798828,0.979777455,1.006444931,,,Saturday,avondje_nac_rat,avondje_nac,rat_verlegh,15,Robert Maaskant,02/01/2015,06/10/2015
25/10/1980,NED,NED,Breda,NED,Go Ahead Eagles,2,0,1.739580035,1.132433534,112.9915924,8.093288422,1455.350464,1481.197021,1.027585983,1.179975986,,,Saturday,avondje_nac_bea,avondje_nac,beatrix_straat,42,Jo Jansen,22/01/1979,30/06/1983
14/01/2006,NED,NED,Breda,NED,Roda,0,4,1.574021101,1.420007706,81.2973938,-16.30626678,1453.527588,1526.996948,1.09589231,1.191142678,,,Saturday,avondje_nac_rat,avondje_nac,rat_verlegh,24,Cees Lok,02/01/2006,23/04/2006
02/10/1976,NED,NED,Breda,NED,FC Eindhoven,4,1,1.627852798,0.877768517,121.0582199,8.392594337,1481.177734,1468.986694,0.973106325,1.015791774,,,Saturday,avondje_nac_bea,avondje_nac,beatrix_straat,44,Bob Maaskant,01/07/1975,30/06/1977
07/02/2015,NED,NED,Breda,NED,Vitesse,0,1,1.179571867,1.621374726,76.42883301,-5.69372797,1326.825684,1489.331299,0.987541258,1.169160008,,,Saturday,avondje_nac_rat,avondje_nac,rat_verlegh,15,Robert Maaskant,02/01/2015,06/10/2015
23/04/1977,NED,NED,Breda,NED,Go Ahead Eagles,1,1,1.687470913,0.924452543,122.3668289,-3.686974764,1506.19043,1494.129272,0.974044979,1.056057692,,,Saturday,avondje_nac_bea,avondje_nac,beatrix_straat,44,Bob Maaskant,01/07/1975,30/06/1977
26/03/1994,NED,NED,Breda,NED,Willem II,1,1,1.480710864,1.138841391,85.08110046,-1.53406167,1482.989624,1514.347778,1.098004222,1.031868935,,,Saturday,avondje_nac_bea,avondje_nac,beatrix_straat,32,Ronald Spelbos,01/01/1993,30/06/1995
18/12/2010,NED,NED,Breda,NED,Vitesse,1,1,1.964127302,0.942188382,98.86672211,-5.117081642,1514.821167,1417.372437,1.079022765,1.065850139,,,Saturday,avondje_nac_rat,avondje_nac,rat_verlegh,20,Gert Aandewiel,21/08/2010,30/06/2011
30/08/1997,NED,NED,Breda,NED,Nijmegen,0,1,1.910817742,0.967575431,84.93151855,-11.84139633,1504.405396,1424.065552,1.142726898,1.030117393,,,Saturday,avondje_nac_rat,avondje_nac,rat_verlegh,30,Herbert Neumann,01/07/1997,08/10/1998
15/12/2007,NED,NED,Breda,NED,Heerenveen,1,5,1.531764507,1.385460019,79.88713837,-16.51013756,1491.651367,1558.50061,1.054229617,1.21855557,,,Saturday,avondje_nac_rat,avondje_nac,rat_verlegh,22,Ernie Brandts,01/07/2006,30/06/2008
03/10/1981,NED,NED,Breda,NED,De Graafschap,5,1,1.970382929,0.853596866,109.2103043,6.51857233,1514.205933,1407.9823,1.051858783,1.056925654,,,Saturday,avondje_nac_bea,avondje_nac,beatrix_straat,42,Jo Jansen,22/01/1979,30/06/1983
26/08/2000,NED,NED,Breda,NED,Groningen,5,1,1.533554554,1.059663892,89.73962402,11.83607483,1366.195068,1374.364014,0.987234831,1.036656022,,,Saturday,avondje_nac_rat,avondje_nac,rat_verlegh,27,Henk ten Cate,01/07/2000,30/06/2003
04/03/1978,NED,NED,Breda,NED,Feyenoord,2,1,1.283210278,1.277953386,121.5871353,8.491114616,1526.589233,1666.308838,0.947682917,1.011523485,,51,Saturday,avondje_nac_bea,avondje_nac,beatrix_straat,43,Hans Dorjee,01/07/1977,30/06/1979
20/04/1985,NED,NED,Breda,NED,Haarlem,1,2,1.148946047,1.488677502,93.61354828,-5.976830959,1363.074585,1528.808594,0.935817063,1.052355766,,,Saturday,avondje_nac_bea,avondje_nac,beatrix_straat,39,Bob Maaskant,01/07/1984,30/06/1986
31/03/1979,NED,NED,Breda,NED,Sparta Rotterdam,3,2,1.246032953,1.175123334,116.3067322,8.279000282,1489.382935,1613.738403,0.927489758,0.977649987,,96,Saturday,avondje_nac_bea,avondje_nac,beatrix_straat,42,Jo Jansen,22/01/1979,30/06/1983
06/11/1976,NED,NED,Breda,NED,Telstar,3,1,1.652597785,0.931607842,122.7902832,7.029978752,1493.595093,1493.00415,1.010976672,1.002482653,,,Saturday,avondje_nac_bea,avondje_nac,beatrix_straat,44,Bob Maaskant,01/07/1975,30/06/1977
05/02/1983,NED,NED,Breda,NED,Ajax,0,2,1.092537642,2.763886929,100.388855,-3.825621843,1415.669922,1745.023071,1.018767476,1.290079713,,18,Saturday,avondje_nac_bea,avondje_nac,beatrix_straat,42,Jo Jansen,22/01/1979,30/06/1983
05/04/1980,NED,NED,Breda,NED,Zwolle,2,1,1.447712064,0.811971068,122.1174698,5.043839455,1477.308716,1471.612793,0.953267694,0.908093929,,,Saturday,avondje_nac_bea,avondje_nac,beatrix_straat,42,Jo Jansen,22/01/1979,30/06/1983
13/05/1995,NED,NED,Breda,NED,Waalwijk,1,2,1.64593637,1.175342202,87.3390274,-9.586175919,1480.390625,1505.299194,1.156989455,1.035431027,,,Saturday,avondje_nac_bea,avondje_nac,beatrix_straat,32,Ronald Spelbos,01/01/1993,30/06/1995
30/11/2024,NED,NED,Breda,NED,Almere,1,0,1.402525663,1.06085062,58.45266724,6.231146336,1357.89856,1343.020752,0.998925805,0.9538185,,,Saturday,avondje_nac_rat,avondje_nac,rat_verlegh,0,Carl Hoefkens,01/07/2024,31/12/2028
13/03/1982,NED,NED,Breda,NED,Willem II,1,4,1.910323143,0.944833159,102.6998444,-21.16991806,1514.86377,1446.012451,1.028899193,1.173038363,,,Saturday,avondje_nac_bea,avondje_nac,beatrix_straat,42,Jo Jansen,22/01/1979,30/06/1983
14/02/1998,NED,NED,Breda,NED,Maastricht,2,0,1.800316453,0.888281047,87.99313354,5.574025631,1513.906982,1427.040161,1.029465556,1.010300756,,,Saturday,avondje_nac_rat,avondje_nac,rat_verlegh,30,Herbert Neumann,01/07/1997,08/10/1998
04/11/1978,NED,NED,Breda,NED,PSV,0,2,1.008147597,2.117573023,120.6295013,-5.094347954,1505.692261,1809.335693,1.043351293,0.956348062,,7,Saturday,avondje_nac_bea,avondje_nac,beatrix_straat,43,Hans Dorjee,01/07/1977,30/06/1979
22/11/2025,NED,NED,Breda,NED,PSV,0,1,0.728816688,3.143794298,66.13273621,-1.189005613,1340.244507,1791.476685,0.98518604,1.364567995,,27,Saturday,avondje_nac_rat,avondje_nac,rat_verlegh,0,Carl Hoefkens,01/07/2024,31/12/2028
30/03/1996,NED,NED,Breda,NED,Heerenveen,5,1,1.862498879,1.154289842,79.1506958,9.997179985,1589.950195,1554.250122,1.124417663,1.200708032,,,Saturday,avondje_nac_bea,avondje_nac,beatrix_straat,31,Wim Rijsbergen,01/07/1995,30/06/1997
13/03/1976,NED,NED,Breda,NED,Maastricht,2,1,1.43163085,1.094632983,118.4740143,6.683666229,1437.96936,1504.097168,0.997758627,1.021078706,,,Saturday,avondje_nac_bea,avondje_nac,beatrix_straat,44,Bob Maaskant,01/07/1975,30/06/1977
12/03/2005,NED,NED,Breda,NED,Vitesse,1,2,1.510482192,1.179485083,76.97911072,-9.489927292,1507.014404,1526.822266,1.102129459,1.028705239,,,Saturday,avondje_nac_rat,avondje_nac,rat_verlegh,26,Ton Lokhoff,01/07/2003,30/12/2005
10/11/1984,NED,NED,Breda,NED,Utrecht,2,0,1.390596747,1.419478297,94.7215271,11.87664127,1374.284668,1486.110718,0.952240765,1.183151603,,,Saturday,avondje_nac_bea,avondje_nac,beatrix_straat,39,Bob Maaskant,01/07/1984,30/06/1986
31/01/2009,NED,NED,Breda,NED,Volendam,1,1,2.298100948,0.780173421,93.26898956,-6.928553581,1498.928223,1295.686401,1.043579936,1.068222523,,,Saturday,avondje_nac_rat,avondje_nac,rat_verlegh,21,Robert Maaskant,01/07/2008,20/08/2010
08/09/1979,NED,NED,Breda,NED,Vitesse,2,2,1.623621821,0.995740592,119.6897583,-2.893334627,1493.467407,1509.677368,0.966452658,1.091771841,,,Saturday,avondje_nac_bea,avondje_nac,beatrix_straat,42,Jo Jansen,22/01/1979,30/06/1983
26/02/2005,NED,NED,Breda,NED,Groningen,1,4,1.666744232,0.977126896,80.08951569,-20.06160927,1504.217651,1445.983398,1.090661287,0.954955578,,,Saturday,avondje_nac_rat,avondje_nac,rat_verlegh,26,Ton Lokhoff,01/07/2003,30/12/2005
21/10/1978,NED,NED,Breda,NED,Haarlem,1,1,1.770617604,0.855932117,121.0164871,-4.162582397,1523.455322,1490.503052,1.062505603,0.993622541,,,Saturday,avondje_nac_bea,avondje_nac,beatrix_straat,43,Hans Dorjee,01/07/1977,30/06/1979
01/02/2003,NED,NED,Breda,NED,Heerenveen,1,1,1.476081491,0.972745299,98.23316956,-2.938599825,1580.80957,1573.844238,0.947708726,0.991443932,,,Saturday,avondje_nac_rat,avondje_nac,rat_verlegh,27,Henk ten Cate,01/07/2000,30/06/2003
05/10/2013,NED,NED,Breda,NED,Heracles,2,1,1.697039008,1.158353448,85.51905823,5.597938538,1419.383423,1410.541138,0.992683828,1.252967119,,,Saturday,avondje_nac_rat,avondje_nac,rat_verlegh,17,Nebojsa Gudelj,21/11/2012,13/10/2014
09/12/2006,NED,NED,Breda,NED,Excelsior,2,1,1.748322606,1.043413401,87.24951172,4.545030117,1410.953735,1351.442017,1.084507704,1.065661311,,,Saturday,avondje_nac_rat,avondje_nac,rat_verlegh,22,Ernie Brandts,01/07/2006,30/06/2008
19/04/1997,NED,NED,Breda,NED,Vitesse,1,1,1.441377401,1.253873944,78.03649902,-0.686419606,1551.547363,1605.697632,1.14642179,1.009007216,,,Saturday,avondje_nac_rat,avondje_nac,rat_verlegh,31,Wim Rijsbergen,01/07/1995,30/06/1997
17/10/2009,NED,NED,Breda,NED,Vitesse,4,0,1.626165628,1.032010317,82.55703735,10.21524811,1482.482422,1445.109131,1.051619649,1.074345231,,,Saturday,avondje_nac_rat,avondje_nac,rat_verlegh,21,Robert Maaskant,01/07/2008,20/08/2010
28/08/1982,NED,NED,Breda,NED,Go Ahead Eagles,0,0,1.678170562,1.21482718,103.9549561,-1.776998162,1483.448975,1525.002197,0.997044921,1.221434593,,,Saturday,avondje_nac_bea,avondje_nac,beatrix_straat,42,Jo Jansen,22/01/1979,30/06/1983
28/08/2010,NED,NED,Breda,NED,Venlo,2,0,1.876773834,0.895605505,92.15623474,5.214174747,1469.570557,1371.926392,1.057662129,1.019646049,,,Saturday,avondje_nac_rat,avondje_nac,rat_verlegh,20,Gert Aandewiel,21/08/2010,30/06/2011
13/04/2013,NED,NED,Breda,NED,Nijmegen,2,0,1.418801188,1.125710964,81.16311646,9.254553795,1426.273193,1445.245117,1.013984442,1.026702285,,,Saturday,avondje_nac_rat,avondje_nac,rat_verlegh,17,Nebojsa Gudelj,21/11/2012,13/10/2014
10/04/2010,NED,NED,Breda,NED,Roda,1,0,1.728780627,1.122078657,91.48868561,5.096109867,1462.526123,1436.483643,1.090312719,1.141041994,,,Saturday,avondje_nac_rat,avondje_nac,rat_verlegh,21,Robert Maaskant,01/07/2008,20/08/2010
27/02/1982,NED,NED,Breda,NED,Nijmegen,1,0,1.721184492,0.844686925,102.6551743,4.060683727,1505.270264,1434.703003,1.06294322,0.965068042,,,Saturday,avondje_nac_bea,avondje_nac,beatrix_straat,42,Jo Jansen,22/01/1979,30/06/1983
25/09/1982,NED,NED,Breda,NED,Sparta Rotterdam,1,2,1.516735315,1.318672419,101.8677139,-8.434340477,1475.758057,1550.891724,0.967350423,1.234006047,,,Saturday,avondje_nac_bea,avondje_nac,beatrix_straat,42,Jo Jansen,22/01/1979,30/06/1983
20/05/1995,NED,NED,Breda,NED,Heerenveen,2,3,1.835602403,1.00789535,87.70986938,-11.16948605,1470.804443,1421.722778,1.157117963,1.065683246,,,Saturday,avondje_nac_bea,avondje_nac,beatrix_straat,32,Ronald Spelbos,01/01/1993,30/06/1995
10/03/2007,NED,NED,Breda,NED,Heracles,1,1,1.809756279,0.861674607,89.56040192,-5.029221058,1487.094849,1384.450439,1.101263404,0.966219723,,,Saturday,avondje_nac_rat,avondje_nac,rat_verlegh,22,Ernie Brandts,01/07/2006,30/06/2008
27/01/2018,NED,NED,Breda,NED,Venlo,0,1,1.324112177,1.131126761,62.41482925,-8.826724052,1288.317627,1320.348022,0.996175528,0.978135884,,,Saturday,avondje_nac_rat,avondje_nac,rat_verlegh,13,Stijn Vreven,01/01/2017,30/06/2018
16/09/1978,NED,NED,Breda,NED,Nijmegen,2,2,1.624918699,0.837203801,116.7384872,-3.878639221,1524.629761,1499.168701,1.003369212,0.943306267,,,Saturday,avondje_nac_bea,avondje_nac,beatrix_straat,43,Hans Dorjee,01/07/1977,30/06/1979
08/03/1980,NED,NED,Breda,NED,Utrecht,0,0,1.337013125,1.174442172,120.749939,-0.576789796,1435.936401,1536.624268,0.942536771,1.039450645,,,Saturday,avondje_nac_bea,avondje_nac,beatrix_straat,42,Jo Jansen,22/01/1979,30/06/1983
03/11/1984,NED,NED,Breda,NED,Den Bosch,0,0,1.261384964,1.186804414,92.97209167,-0.284755558,1376.756348,1459.832275,0.971674204,0.984674335,,,Saturday,avondje_nac_bea,avondje_nac,beatrix_straat,39,Bob Maaskant,01/07/1984,30/06/1986
11/05/1985,NED,NED,Breda,NED,Zwolle,7,3,1.619803309,1.041319132,91.82080078,11.18887138,1346.51416,1340.921631,0.975985408,1.154014826,,,Saturday,avondje_nac_bea,avondje_nac,beatrix_straat,39,Bob Maaskant,01/07/1984,30/06/1986
02/02/2013,NED,NED,Breda,NED,Zwolle,3,0,1.672889233,0.86320889,81.30845642,7.0832901,1415.180786,1324.432495,1.03364718,0.936938345,,,Saturday,avondje_nac_rat,avondje_nac,rat_verlegh,17,Nebojsa Gudelj,21/11/2012,13/10/2014
04/10/1980,NED,NED,Breda,NED,Willem II,0,2,1.622530937,1.052417398,115.3616943,-14.47312832,1475.581787,1502.856323,1.031540513,1.066977739,,,Saturday,avondje_nac_bea,avondje_nac,beatrix_straat,42,Jo Jansen,22/01/1979,30/06/1983
08/12/2001,NED,NED,Breda,NED,Waalwijk,0,1,1.554584026,0.999552548,101.0254898,-10.65312099,1540.537476,1532.730347,0.979012251,1.011904716,,,Saturday,avondje_nac_rat,avondje_nac,rat_verlegh,27,Henk ten Cate,01/07/2000,30/06/2003
30/09/1978,NED,NED,Breda,NED,Den Haag,3,1,1.642622113,0.947542369,116.9840546,7.153072834,1521.377808,1517.708984,1.035744905,0.988914013,,,Saturday,avondje_nac_bea,avondje_nac,beatrix_straat,43,Hans Dorjee,01/07/1977,30/06/1979
24/01/2004,NED,NED,Breda,NED,Volendam,3,2,2.201904297,0.801191092,98.83917999,2.392605305,1530.497192,1356.716797,0.987500191,1.086734295,,,Saturday,avondje_nac_rat,avondje_nac,rat_verlegh,26,Ton Lokhoff,01/07/2003,30/12/2005
15/12/1984,NED,NED,Breda,NED,Groningen,1,2,1.209612012,1.807224751,96.51053619,-5.178151131,1363.788086,1562.925293,0.953207374,1.181947827,,,Saturday,avondje_nac_bea,avondje_nac,beatrix_straat,39,Bob Maaskant,01/07/1984,30/06/1986
03/04/1982,NED,NED,Breda,NED,Utrecht,1,0,1.249039888,1.356703877,99.14356995,8.939082146,1500.304565,1636.269287,1.02341938,0.994294941,,68,Saturday,avondje_nac_bea,avondje_nac,beatrix_straat,42,Jo Jansen,22/01/1979,30/06/1983
19/04/1980,NED,NED,Breda,NED,PSV,2,4,1.079517245,1.423500657,121.3626709,-8.417121887,1480.862183,1679.245239,0.958855391,0.924692512,,54,Saturday,avondje_nac_bea,avondje_nac,beatrix_straat,42,Jo Jansen,22/01/1979,30/06/1983
26/02/2011,NED,NED,Breda,NED,Den Haag,3,2,1.585798502,1.136028171,98.5851593,5.933226585,1488.228149,1503.440186,1.081319928,1.1067909,,,Saturday,avondje_nac_rat,avondje_nac,rat_verlegh,20,Gert Aandewiel,21/08/2010,30/06/2011
07/04/2018,NED,NED,Breda,NED,Vitesse,1,0,1.160260201,1.416726112,64.53009033,9.573480606,1315.103149,1437.7146,0.994021714,1.031478167,,,Saturday,avondje_nac_rat,avondje_nac,rat_verlegh,13,Stijn Vreven,01/01/2017,30/06/2018
18/10/2008,NED,NED,Breda,NED,PSV,2,1,1.081728458,1.22375834,89.47853088,9.289186478,1553.078735,1685.885498,1.071542263,0.812562943,,59,Saturday,avondje_nac_rat,avondje_nac,rat_verlegh,21,Robert Maaskant,01/07/2008,20/08/2010
16/03/1985,NED,NED,Breda,NED,Volendam,1,0,1.386452913,1.064865112,94.08197784,6.729219913,1360.662231,1403.287842,0.950316072,1.026639581,,,Saturday,avondje_nac_bea,avondje_nac,beatrix_straat,39,Bob Maaskant,01/07/1984,30/06/1986
20/09/2025,NED,NED,Breda,NED,Heracles,2,1,1.449728608,1.203090072,60.29186249,6.955882549,1351.057373,1369.272095,0.957357347,1.095172167,,,Saturday,avondje_nac_rat,avondje_nac,rat_verlegh,0,Carl Hoefkens,01/07/2024,31/12/2028
15/01/1977,NED,NED,Breda,NED,De Graafschap,1,0,1.950150847,0.837762475,128.2669678,3.308758497,1517.577271,1433.635742,1.017975688,1.05576098,,,Saturday,avondje_nac_bea,avondje_nac,beatrix_straat,44,Bob Maaskant,01/07/1975,30/06/1977
14/02/2004,NED,NED,Breda,NED,Roda,0,0,1.560460925,1.177212238,91.48410797,-1.995944619,1546.490112,1567.684448,1.027109981,1.11440134,,,Saturday,avondje_nac_rat,avondje_nac,rat_verlegh,26,Ton Lokhoff,01/07/2003,30/12/2005
09/03/1996,NED,NED,Breda,NED,Go Ahead Eagles,2,0,2.089644909,0.954991519,78.19281006,4.893140793,1565.324707,1446.287964,1.098109007,1.163655996,,,Saturday,avondje_nac_bea,avondje_nac,beatrix_straat,31,Wim Rijsbergen,01/07/1995,30/06/1997
21/04/2001,NED,NED,Breda,NED,Alkmaar,0,0,1.671437979,1.039080501,84.52918243,-3.090051413,1456.110229,1429.652832,0.944400728,1.169166684,,,Saturday,avondje_nac_rat,avondje_nac,rat_verlegh,27,Henk ten Cate,01/07/2000,30/06/2003
12/04/2025,NED,NED,Breda,NED,Go Ahead Eagles,1,1,1.118300319,1.581520796,59.46826172,2.831555367,1367.253906,1527.863892,0.982875049,1.070259452,,,Saturday,avondje_nac_rat,avondje_nac,rat_verlegh,0,Carl Hoefkens,01/07/2024,31/12/2028
13/03/2004,NED,NED,Breda,NED,Zwolle,3,1,2.069627762,0.714151442,86.93215942,3.223053932,1541.552002,1341.873901,0.988860488,0.936147213,,,Saturday,avondje_nac_rat,avondje_nac,rat_verlegh,26,Ton Lokhoff,01/07/2003,30/12/2005
20/10/2012,NED,NED,Breda,NED,Vitesse,0,3,1.291314602,1.321056247,88.3843689,-13.21435928,1427.906494,1527.458252,1.029750109,1.065801144,,,Saturday,avondje_nac_rat,avondje_nac,rat_verlegh,19,John Karelse,01/07/2011,23/10/2012
18/11/2017,NED,NED,Breda,NED,Ajax,0,8,0.693546832,2.452327728,59.70796585,-4.99974966,1266.708374,1651.4198,0.979210734,1.02665782,,61,Saturday,avondje_nac_rat,avondje_nac,rat_verlegh,13,Stijn Vreven,01/01/2017,30/06/2018
01/12/1984,NED,NED,Breda,NED,Go Ahead Eagles,0,1,1.476153374,1.355256796,96.14393616,-8.212615013,1377.881348,1456.335449,0.970465958,1.213368893,,,Saturday,avondje_nac_bea,avondje_nac,beatrix_straat,39,Bob Maaskant,01/07/1984,30/06/1986
18/10/1997,NED,NED,Breda,NED,Waalwijk,4,0,1.657120466,1.024695635,84.54130554,10.30378628,1498.027344,1468.69458,1.052560329,1.051738858,,,Saturday,avondje_nac_rat,avondje_nac,rat_verlegh,30,Herbert Neumann,01/07/1997,08/10/1998
29/11/2014,NED,NED,Breda,NED,Utrecht,1,5,1.488231063,1.297503591,83.68096161,-16.93072701,1350.157959,1413.207397,1.033366084,1.143591762,,,Saturday,avondje_nac_rat,avondje_nac,rat_verlegh,16,Eric Hellemons,13/10/2014,01/01/2015
16/12/1995,NED,NED,Breda,NED,Waalwijk,0,1,1.643641949,1.017644882,79.82601929,-10.67793083,1566.339111,1537.243042,1.12494421,1.002382874,,,Saturday,avondje_nac_bea,avondje_nac,beatrix_straat,31,Wim Rijsbergen,01/07/1995,30/06/1997
11/02/2012,NED,NED,Breda,NED,Ajax,0,2,1.036451459,1.911339879,106.3028107,-5.902838707,1440.418945,1702.624634,1.057793379,1.10641706,,43,Saturday,avondje_nac_rat,avondje_nac,rat_verlegh,19,John Karelse,01/07/2011,23/10/2012
07/03/1981,NED,NED,Breda,NED,Maastricht,4,0,1.487668991,1.23991096,110.9875031,14.22234249,1477.081665,1555.275024,1.0270046,1.074918866,,,Saturday,avondje_nac_bea,avondje_nac,beatrix_straat,42,Jo Jansen,22/01/1979,30/06/1983
01/11/1997,NED,NED,Breda,NED,De Graafschap,2,0,1.611426473,1.030058503,81.35198212,7.805418015,1516.266113,1499.268311,1.061825395,1.049949646,,,Saturday,avondje_nac_rat,avondje_nac,rat_verlegh,30,Herbert Neumann,01/07/1997,08/10/1998
30/03/1985,NED,NED,Breda,NED,PSV,0,0,0.75094825,2.343444586,92.12679291,6.539371014,1363.529541,1727.401855,0.926950991,1.031625509,,25,Saturday,avondje_nac_bea,avondje_nac,beatrix_straat,39,Bob Maaskant,01/07/1984,30/06/1986
22/11/2008,NED,NED,Breda,NED,Nijmegen,1,1,1.489068627,0.938554466,92.09780884,-3.169140816,1559.558105,1537.623047,1.028491616,0.962993801,,,Saturday,avondje_nac_rat,avondje_nac,rat_verlegh,21,Robert Maaskant,01/07/2008,20/08/2010
14/01/1995,NED,NED,Breda,NED,Willem II,0,0,1.5100317,1.259953976,89.33679962,-0.957563519,1477.735718,1533.70105,1.166521668,1.040703416,,,Saturday,avondje_nac_bea,avondje_nac,beatrix_straat,32,Ronald Spelbos,01/01/1993,30/06/1995
05/05/1979,NED,NED,Breda,NED,Alkmaar,2,3,1.272104144,1.650105119,121.7442551,-5.9604249,1528.19104,1719.016479,0.947100282,1.160237551,,31,Saturday,avondje_nac_bea,avondje_nac,beatrix_straat,42,Jo Jansen,22/01/1979,30/06/1983
12/10/1996,NED,NED,Breda,NED,Twente,1,2,1.619375229,1.191334248,76.07561493,-9.504018784,1569.894897,1585.818726,1.115885854,1.058033824,,,Saturday,avondje_nac_rat,avondje_nac,rat_verlegh,31,Wim Rijsbergen,01/07/1995,30/06/1997
08/02/2014,NED,NED,Breda,NED,Roda,2,0,1.91736412,1.232896566,83.22067261,7.135077,1411.239014,1378.737671,1.063391209,1.295377374,,,Saturday,avondje_nac_rat,avondje_nac,rat_verlegh,17,Nebojsa Gudelj,21/11/2012,13/10/2014
08/03/2014,NED,NED,Breda,NED,Vitesse,1,2,1.263433576,1.434378147,85.15949249,-6.813695431,1421.905151,1550.750732,1.019539595,1.107708812,,,Saturday,avondje_nac_rat,avondje_nac,rat_verlegh,17,Nebojsa Gudelj,21/11/2012,13/10/2014
10/05/2003,NED,NED,Breda,NED,Utrecht,2,0,1.497255325,1.008813143,100.6566696,8.082191467,1544.747681,1549.782104,0.873313367,1.100781441,,,Saturday,avondje_nac_rat,avondje_nac,rat_verlegh,27,Henk ten Cate,01/07/2000,30/06/2003
17/04/1976,NED,NED,Breda,NED,Ajax,0,0,0.987385035,2.110601425,118.2800064,4.871343613,1466.40332,1769.62207,1.002127051,0.966616988,,15,Saturday,avondje_nac_bea,avondje_nac,beatrix_straat,44,Bob Maaskant,01/07/1975,30/06/1977
10/08/2013,NED,NED,Breda,NED,Heerenveen,0,2,1.559318423,1.33247292,84.15862274,-12.62747192,1417.23877,1459.006958,1.000506759,1.258084416,,,Saturday,avondje_nac_rat,avondje_nac,rat_verlegh,17,Nebojsa Gudelj,21/11/2012,13/10/2014
19/01/1980,NED,NED,Breda,NED,Ajax,0,1,0.993555188,2.442719698,120.4399872,-2.885446787,1435.957642,1779.588013,0.950064957,1.173069835,,12,Saturday,avondje_nac_bea,avondje_nac,beatrix_straat,42,Jo Jansen,22/01/1979,30/06/1983
20/11/1982,NED,NED,Breda,NED,Alkmaar,2,1,1.100652456,1.703518867,100.5484314,10.7160635,1410.124756,1618.911133,0.98729682,0.994959116,,84,Saturday,avondje_nac_bea,avondje_nac,beatrix_straat,42,Jo Jansen,22/01/1979,30/06/1983
02/02/1980,NED,NED,Breda,NED,Go Ahead Eagles,1,0,1.438949585,1.175167322,121.095047,6.95986557,1433.072266,1512.303833,0.936609805,1.097635984,,,Saturday,avondje_nac_bea,avondje_nac,beatrix_straat,42,Jo Jansen,22/01/1979,30/06/1983
22/09/1979,NED,NED,Breda,NED,Alkmaar,0,3,1.191924691,1.882316232,121.0822678,-8.592309952,1475.202515,1704.315674,0.964455009,1.150281668,,40,Saturday,avondje_nac_bea,avondje_nac,beatrix_straat,42,Jo Jansen,22/01/1979,30/06/1983
20/12/2025,NED,NED,Breda,NED,Telstar,0,1,1.384950161,1.083173871,67.1672287,-9.725604057,1326.813477,1328.785889,0.942127109,0.995699644,,,Saturday,avondje_nac_rat,avondje_nac,rat_verlegh,0,Carl Hoefkens,01/07/2024,31/12/2028
30/11/2013,NED,NED,Breda,NED,Groningen,2,2,1.511161089,1.231699109,87.25020599,-1.667583942,1423.447876,1452.214111,1.063947558,1.092952609,,,Saturday,avondje_nac_rat,avondje_nac,rat_verlegh,17,Nebojsa Gudelj,21/11/2012,13/10/2014
13/11/2010,NED,NED,Breda,NED,Twente,2,1,0.882205844,1.707846999,91.95433044,12.35542679,1467.907593,1730.143555,1.026928544,0.894242764,,38,Saturday,avondje_nac_rat,avondje_nac,rat_verlegh,20,Gert Aandewiel,21/08/2010,30/06/2011
19/03/2011,NED,NED,Breda,NED,Groningen,0,1,1.587875724,1.273078918,102.2955627,-9.441885948,1482.217773,1523.492432,1.089335442,1.17477119,,,Saturday,avondje_nac_rat,avondje_nac,rat_verlegh,20,Gert Aandewiel,21/08/2010,30/06/2011
27/03/1976,NED,NED,Breda,NED,Go Ahead Eagles,3,1,1.591192126,1.098181844,119.3108292,8.53932476,1461.656616,1507.446899,1.000526071,1.084014654,,,Saturday,avondje_nac_bea,avondje_nac,beatrix_straat,44,Bob Maaskant,01/07/1975,30/06/1977
11/12/2010,NED,NED,Breda,NED,Utrecht,3,1,1.343619585,1.150329709,96.87102509,10.72950363,1490.780396,1567.194946,1.05649209,0.990413785,,,Saturday,avondje_nac_rat,avondje_nac,rat_verlegh,20,Gert Aandewiel,21/08/2010,30/06/2011
22/10/1994,NED,NED,Breda,NED,Sparta Rotterdam,1,3,1.876565576,1.238595843,82.7618866,-14.17491817,1471.857178,1464.313843,1.174841762,1.223408222,,,Saturday,avondje_nac_bea,avondje_nac,beatrix_straat,32,Ronald Spelbos,01/01/1993,30/06/1995
20/08/2011,NED,NED,Breda,NED,Groningen,2,2,1.544700503,1.362469077,107.377327,-0.392709672,1442.671265,1536.397461,1.065155983,1.215543985,,,Saturday,avondje_nac_rat,avondje_nac,rat_verlegh,19,John Karelse,01/07/2011,23/10/2012
24/09/1994,NED,NED,Breda,NED,Roda,2,4,1.525216818,1.265577197,84.15262604,-12.32650948,1469.093384,1515.197266,1.13789463,1.081277967,,,Saturday,avondje_nac_bea,avondje_nac,beatrix_straat,32,Ronald Spelbos,01/01/1993,30/06/1995
29/09/2007,NED,NED,Breda,NED,PSV,1,1,0.84946841,2.0724051,77.82964325,5.764799595,1460.336426,1766.491821,1.125151157,0.883794904,,29,Saturday,avondje_nac_rat,avondje_nac,rat_verlegh,22,Ernie Brandts,01/07/2006,30/06/2008
01/04/1978,NED,NED,Breda,NED,Volendam,3,3,1.778474689,0.847952783,120.9455948,-4.735706329,1553.295166,1495.428467,0.951428056,1.079959154,,,Saturday,avondje_nac_bea,avondje_nac,beatrix_straat,43,Hans Dorjee,01/07/1977,30/06/1979
30/10/1993,NED,NED,Breda,NED,Ajax,0,5,0.818997025,2.400313854,75.40111542,-5.273620129,1415.775635,1758.682129,1.042872787,1.024074674,,23,Saturday,avondje_nac_bea,avondje_nac,beatrix_straat,32,Ronald Spelbos,01/01/1993,30/06/1995
16/10/1993,NED,NED,Breda,NED,Heerenveen,6,0,1.416631937,0.934716761,75.02481079,13.97174358,1410.5802,1390.63208,1.015767932,0.943631411,,,Saturday,avondje_nac_bea,avondje_nac,beatrix_straat,32,Ronald Spelbos,01/01/1993,30/06/1995
24/11/2001,NED,NED,Breda,NED,Groningen,5,0,1.84137392,0.795497835,102.2451401,7.661739349,1501.401611,1398.44873,0.940617442,0.976189077,,,Saturday,avondje_nac_rat,avondje_nac,rat_verlegh,27,Henk ten Cate,01/07/2000,30/06/2003
02/12/2006,NED,NED,Breda,NED,Twente,0,0,1.22299695,1.539769053,85.95770264,2.053831339,1416.754395,1575.098999,1.106640458,0.983906984,,,Saturday,avondje_nac_rat,avondje_nac,rat_verlegh,22,Ernie Brandts,01/07/2006,30/06/2008
23/03/2002,NED,NED,Breda,NED,Vitesse,3,3,1.288924575,1.072508574,101.1216507,-1.082237005,1553.353149,1616.726196,1.000227213,0.896104276,,,Saturday,avondje_nac_rat,avondje_nac,rat_verlegh,27,Henk ten Cate,01/07/2000,30/06/2003
14/04/1979,NED,NED,Breda,NED,Twente,3,1,1.259963036,1.170765281,116.1384659,11.48527527,1500.977905,1619.898438,0.944718301,0.967485011,,89,Saturday,avondje_nac_bea,avondje_nac,beatrix_straat,42,Jo Jansen,22/01/1979,30/06/1983
25/08/2018,NED,NED,Breda,NED,Excelsior,0,2,1.445424318,1.127396822,66.93221283,-13.37356853,1325.746704,1332.418823,0.998653173,1.051448107,,,Saturday,avondje_nac_rat,avondje_nac,rat_verlegh,12,Mitchell van der Gaag,01/07/2018,18/03/2019
29/10/1977,NED,NED,Breda,NED,Telstar,2,2,1.720738053,0.742939711,123.2622299,-5.369189739,1522.973022,1437.837646,0.887676597,1.009911776,,,Saturday,avondje_nac_bea,avondje_nac,beatrix_straat,43,Hans Dorjee,01/07/1977,30/06/1979
24/03/2012,NED,NED,Breda,NED,Nijmegen,1,1,1.356296659,1.094789624,107.5806885,-1.762613773,1470.676636,1516.371582,1.026510954,0.99008745,,,Saturday,avondje_nac_rat,avondje_nac,rat_verlegh,19,John Karelse,01/07/2011,23/10/2012
12/01/2008,NED,NED,Breda,NED,Venlo,0,0,2.019943953,0.86746645,80.47303772,-5.609203815,1459.044678,1319.182739,1.068263769,1.024789095,,,Saturday,avondje_nac_rat,avondje_nac,rat_verlegh,22,Ernie Brandts,01/07/2006,30/06/2008
14/02/1981,NED,NED,Breda,NED,Nijmegen,4,0,1.665495753,0.930150807,114.2376175,9.871562958,1465.732544,1454.365723,1.016677618,1.050903082,,,Saturday,avondje_nac_bea,avondje_nac,beatrix_straat,42,Jo Jansen,22/01/1979,30/06/1983
04/11/1995,NED,NED,Breda,NED,Vitesse,2,2,1.467183709,1.325076818,80.79588318,-0.455412656,1528.116699,1593.078979,1.110995412,1.05747211,,,Saturday,avondje_nac_bea,avondje_nac,beatrix_straat,31,Wim Rijsbergen,01/07/1995,30/06/1997
16/05/1981,NED,NED,Breda,NED,PSV,0,2,1.078258991,1.764717937,110.7861404,-6.57930994,1479.015381,1719.80127,1.063561916,0.913576365,,31,Saturday,avondje_nac_bea,avondje_nac,beatrix_straat,42,Jo Jansen,22/01/1979,30/06/1983
24/11/2018,NED,NED,Breda,NED,Ajax,0,3,0.582049966,2.900676966,68.19786072,-1.968533993,1296.160522,1761.987671,1.019458771,1.048860788,,23,Saturday,avondje_nac_rat,avondje_nac,rat_verlegh,12,Mitchell van der Gaag,01/07/2018,18/03/2019
28/01/2012,NED,NED,Breda,NED,De Graafschap,1,1,1.866469622,0.888026595,107.645256,-5.180111408,1450.405273,1358.755249,1.077452302,0.966138542,,,Saturday,avondje_nac_rat,avondje_nac,rat_verlegh,19,John Karelse,01/07/2011,23/10/2012
05/10/2002,NED,NED,Breda,NED,PSV,2,2,1.11270535,1.509423256,103.1993408,2.399941206,1563.290283,1751.53064,0.995141387,1.001235247,,30,Saturday,avondje_nac_rat,avondje_nac,rat_verlegh,27,Henk ten Cate,01/07/2000,30/06/2003
01/10/1977,NED,NED,Breda,NED,Roda,0,1,1.300512791,0.999400496,126.7291107,-9.330353737,1518.891113,1596.301147,0.894478261,0.970186591,,,Saturday,avondje_nac_bea,avondje_nac,beatrix_straat,43,Hans Dorjee,01/07/1977,30/06/1979
25/09/1976,NED,NED,Breda,NED,Ajax,0,1,1.059853554,1.911178231,122.5643921,-4.288244724,1498.009888,1765.64209,0.985943735,0.984640896,,14,Saturday,avondje_nac_bea,avondje_nac,beatrix_straat,44,Bob Maaskant,01/07/1975,30/06/1977
18/08/1979,NED,NED,Breda,NED,Excelsior,1,1,1.842771888,0.7712394,120.4809341,-5.29411602,1522.069458,1437.797119,0.97659266,1,,,Saturday,avondje_nac_bea,avondje_nac,beatrix_straat,42,Jo Jansen,22/01/1979,30/06/1983
19/05/1979,NED,NED,Breda,NED,Venlo,2,0,1.952701688,0.796560347,120.6351166,4.348948002,1520.199219,1411.308228,0.953660011,1.080413222,,,Saturday,avondje_nac_bea,avondje_nac,beatrix_straat,42,Jo Jansen,22/01/1979,30/06/1983
04/10/2003,NED,NED,Breda,NED,Utrecht,1,2,1.664214492,0.969305038,100.5389557,-11.6942482,1557.646606,1512.427124,0.924859047,1.107211113,,,Saturday,avondje_nac_rat,avondje_nac,rat_verlegh,26,Ton Lokhoff,01/07/2003,30/12/2005
28/08/2004,NED,NED,Breda,NED,PSV,2,2,1.099993706,2.214293242,92.52783966,4.591500759,1549.048096,1813.985229,1.123399615,1.136934638,,14,Saturday,avondje_nac_rat,avondje_nac,rat_verlegh,26,Ton Lokhoff,01/07/2003,30/12/2005
04/03/1995,NED,NED,Breda,NED,Maastricht,2,1,1.91162169,1.070238709,92.28479767,4.581509113,1487.207275,1444.858154,1.135354519,1.166600943,,,Saturday,avondje_nac_bea,avondje_nac,beatrix_straat,32,Ronald Spelbos,01/01/1993,30/06/1995
04/02/2006,NED,NED,Breda,NED,Sparta Rotterdam,0,0,1.5235641,1.043351173,72.48588562,-2.874557018,1438.216553,1407.934204,1.126817226,0.920933545,,,Saturday,avondje_nac_rat,avondje_nac,rat_verlegh,24,Cees Lok,02/01/2006,23/04/2006
24/08/2024,NED,NED,Breda,NED,Utrecht,1,2,1.031802058,1.745554447,53.92326355,-4.608000755,1324.460571,1518.733521,1.016890407,1.024718285,,,Saturday,avondje_nac_rat,avondje_nac,rat_verlegh,0,Carl Hoefkens,01/07/2024,31/12/2028
23/08/2003,NED,NED,Breda,NED,Vitesse,2,0,1.508615494,0.856630325,105.2740936,6.48800993,1570.102661,1525.068726,0.896585882,0.941944838,,,Saturday,avondje_nac_rat,avondje_nac,rat_verlegh,26,Ton Lokhoff,01/07/2003,30/12/2005
08/04/2006,NED,NED,Breda,NED,Nijmegen,2,1,1.341751933,1.237104774,79.36022949,7.919670105,1434.605713,1509.420654,1.098775744,0.970927477,,,Saturday,avondje_nac_rat,avondje_nac,rat_verlegh,24,Cees Lok,02/01/2006,23/04/2006
08/11/2003,NED,NED,Breda,NED,Alkmaar,1,2,1.54353559,1.085185051,98.1881485,-10.06132221,1550.797485,1564.060059,0.929944396,1.136714697,,,Saturday,avondje_nac_rat,avondje_nac,rat_verlegh,26,Ton Lokhoff,01/07/2003,30/12/2005
05/02/1977,NED,NED,Breda,NED,PSV,1,2,1.175372481,1.601000547,122.6659317,-5.639524937,1535.603638,1744.366455,0.981063306,1.009942293,,23,Saturday,avondje_nac_bea,avondje_nac,beatrix_straat,44,Bob Maaskant,01/07/1975,30/06/1977
10/04/1999,NED,NED,Breda,NED,Roda,0,0,1.171173096,1.641153932,87.54953003,2.603315592,1373.544067,1553.672729,1.023287416,1.07099092,,,Saturday,avondje_nac_rat,avondje_nac,rat_verlegh,28,Kees Zwamborn,23/03/1999,30/06/2000
18/10/2014,NED,NED,Breda,NED,Den Haag,1,1,1.588103533,1.282181501,87.64102936,-1.670235634,1362.602173,1391.664429,1.071941376,1.163085222,,,Saturday,avondje_nac_rat,avondje_nac,rat_verlegh,16,Eric Hellemons,13/10/2014,01/01/2015
23/12/2006,NED,NED,Breda,NED,Den Haag,2,2,1.751128316,1.017029762,85.54067993,-4.112008572,1448.35144,1382.043457,1.08792448,1.039241552,,,Saturday,avondje_nac_rat,avondje_nac,rat_verlegh,22,Ernie Brandts,01/07/2006,30/06/2008
17/02/2018,NED,NED,Breda,NED,Alkmaar,1,3,1.014149904,1.85085845,67.36911774,-6.047739506,1301.505005,1521.541382,0.993377507,1.148716569,,,Saturday,avondje_nac_rat,avondje_nac,rat_verlegh,13,Stijn Vreven,01/01/2017,30/06/2018
22/03/1980,NED,NED,Breda,NED,Roda,3,0,1.152217746,1.351305723,122.1110229,16.25762939,1437.80542,1613.164673,0.931272566,0.97924906,,87,Saturday,avondje_nac_bea,avondje_nac,beatrix_straat,42,Jo Jansen,22/01/1979,30/06/1983
16/12/2000,NED,NED,Breda,NED,Vitesse,1,1,1.073604703,1.903991818,89.89746857,3.869821072,1403.148315,1634.884766,1.021067381,1.093223095,,92,Saturday,avondje_nac_rat,avondje_nac,rat_verlegh,27,Henk ten Cate,01/07/2000,30/06/2003
28/03/1981,NED,NED,Breda,NED,Feyenoord,0,1,1.202109814,1.721077085,113.7791901,-5.36942482,1502.79541,1712.214722,1.042715192,1.011878014,,34,Saturday,avondje_nac_bea,avondje_nac,beatrix_straat,42,Jo Jansen,22/01/1979,30/06/1983
14/08/2004,NED,NED,Breda,NED,Utrecht,3,2,1.756005883,1.080296397,92.54930878,4.907712936,1541.930176,1506.101929,1.081757665,1.093615651,,,Saturday,avondje_nac_rat,avondje_nac,rat_verlegh,26,Ton Lokhoff,01/07/2003,30/12/2005
21/02/1976,NED,NED,Breda,NED,Nijmegen,0,2,1.332252145,1.061874509,118.6908188,-12.57724285,1457.220337,1539.880493,0.998237729,0.93528223,,,Saturday,avondje_nac_bea,avondje_nac,beatrix_straat,44,Bob Maaskant,01/07/1975,30/06/1977
03/02/2007,NED,NED,Breda,NED,Waalwijk,2,1,1.912258625,0.963,90.80742645,3.865844965,1476.752808,1388.944946,1.102561593,1.078293324,,,Saturday,avondje_nac_rat,avondje_nac,rat_verlegh,22,Ernie Brandts,01/07/2006,30/06/2008
17/03/2001,NED,NED,Breda,NED,Heerenveen,2,2,1.142379522,1.300893784,86.20100403,1.388462186,1420.971191,1555.725952,0.947858632,0.964025497,,,Saturday,avondje_nac_rat,avondje_nac,rat_verlegh,27,Henk ten Cate,01/07/2000,30/06/2003
19/03/1983,NED,NED,Breda,NED,PSV,1,5,1.007640123,2.068557978,100.768898,-7.429798603,1401.116455,1678.936279,1.005176306,1.013629794,,35,Saturday,avondje_nac_bea,avondje_nac,beatrix_straat,42,Jo Jansen,22/01/1979,30/06/1983
08/03/2003,NED,NED,Breda,NED,De Graafschap,1,0,2.079703331,0.804369032,100.6088486,2.75561595,1557.767944,1410.186401,0.938797116,1.083299041,,,Saturday,avondje_nac_rat,avondje_nac,rat_verlegh,27,Henk ten Cate,01/07/2000,30/06/2003
17/08/2002,NED,NED,Breda,NED,Roda,2,2,1.425013661,1.012316227,104.7778931,-2.341816425,1554.576172,1576.452759,1.0135535,0.913783371,,,Saturday,avondje_nac_rat,avondje_nac,rat_verlegh,27,Henk ten Cate,01/07/2000,30/06/2003
06/03/2010,NED,NED,Breda,NED,PSV,2,1,0.939141273,1.813001633,87.32592011,12.18480873,1466.554321,1722.305908,1.106674671,0.91430074,,37,Saturday,avondje_nac_rat,avondje_nac,rat_verlegh,21,Robert Maaskant,01/07/2008,20/08/2010
01/03/2008,NED,NED,Breda,NED,Sparta Rotterdam,3,0,2.02289176,0.883910239,82.92490387,5.6442523,1509.563721,1377.881226,0.988968313,1.133897543,,,Saturday,avondje_nac_rat,avondje_nac,rat_verlegh,22,Ernie Brandts,01/07/2006,30/06/2008
20/12/2008,NED,NED,Breda,NED,Vitesse,2,0,1.887191534,0.901359797,91.5548172,5.247092247,1499.753906,1400.457031,1.033546805,1.072851419,,,Saturday,avondje_nac_rat,avondje_nac,rat_verlegh,21,Robert Maaskant,01/07/2008,20/08/2010
24/08/1996,NED,NED,Breda,NED,Sparta Rotterdam,1,0,1.756558895,1.145856619,81.61244965,5.352485657,1577.29895,1557.456055,1.151670098,1.119868279,,,Saturday,avondje_nac_rat,avondje_nac,rat_verlegh,31,Wim Rijsbergen,01/07/1995,30/06/1997
07/02/1998,NED,NED,Breda,NED,Heerenveen,0,2,1.474363089,1.365682602,89.17560577,-11.12478065,1525.031738,1605.55603,1.036484957,1.173847318,,,Saturday,avondje_nac_rat,avondje_nac,rat_verlegh,30,Herbert Neumann,01/07/1997,08/10/1998
21/11/1998,NED,NED,Breda,NED,Sittard,1,1,1.535681486,1.019867182,92.14646912,-2.466130733,1441.447144,1446.108154,1.043275714,0.995587528,,,Saturday,avondje_nac_rat,avondje_nac,rat_verlegh,29,Ronald Spelbos,13/10/1998,22/03/1999
12/03/1994,NED,NED,Breda,NED,Go Ahead Eagles,2,2,1.681028605,0.958116174,83.45574188,-3.487102509,1480.063354,1437.061279,1.07715106,1.051850915,,,Saturday,avondje_nac_bea,avondje_nac,beatrix_straat,32,Ronald Spelbos,01/01/1993,30/06/1995
05/10/2024,NED,NED,Breda,NED,Nijmegen,1,0,1.054761171,1.679163575,54.32135391,11.20845604,1323.022095,1502.788696,0.987622142,1.043798208,,,Saturday,avondje_nac_rat,avondje_nac,rat_verlegh,0,Carl Hoefkens,01/07/2024,31/12/2028
02/10/2004,NED,NED,Breda,NED,De Graafschap,3,2,2.262824297,0.84638375,90.55770874,2.429436445,1537.913818,1360.426025,1.154701233,0.996308863,,,Saturday,avondje_nac_rat,avondje_nac,rat_verlegh,26,Ton Lokhoff,01/07/2003,30/12/2005
11/12/1976,NED,NED,Breda,NED,Roda,1,0,1.449246049,1.055837512,124.0369186,6.454879761,1507.831909,1571.336426,1.01862514,0.984940171,,,Saturday,avondje_nac_bea,avondje_nac,beatrix_straat,44,Bob Maaskant,01/07/1975,30/06/1977
01/12/1979,NED,NED,Breda,NED,Maastricht,0,0,1.43891716,0.829008579,120.2256546,-3.379099607,1453.669312,1451.69104,0.938898683,0.89073205,,,Saturday,avondje_nac_bea,avondje_nac,beatrix_straat,42,Jo Jansen,22/01/1979,30/06/1983
19/02/1994,NED,NED,Breda,NED,Waalwijk,3,0,1.892293215,1.050378561,80.15694427,7.927851677,1473.118896,1415.56543,1.100205541,1.164304972,,,Saturday,avondje_nac_bea,avondje_nac,beatrix_straat,32,Ronald Spelbos,01/01/1993,30/06/1995
02/04/1983,NED,NED,Breda,NED,Twente,3,1,1.522199273,1.035327673,103.1683426,8.6811409,1396.967651,1424.992798,1.021273136,1.035384774,,,Saturday,avondje_nac_bea,avondje_nac,beatrix_straat,42,Jo Jansen,22/01/1979,30/06/1983
14/09/2024,NED,NED,Breda,NED,Sittard,1,0,1.212797165,1.379060507,55.10585022,9.114153862,1312.092163,1403.270874,1.023997426,1.016831279,,,Saturday,avondje_nac_rat,avondje_nac,rat_verlegh,0,Carl Hoefkens,01/07/2024,31/12/2028
11/09/1976,NED,NED,Breda,NED,Den Haag,1,0,1.409579515,1.133797765,121.8716583,7.058334827,1484.500122,1570.390625,0.96443665,1.056023836,,,Saturday,avondje_nac_bea,avondje_nac,beatrix_straat,44,Bob Maaskant,01/07/1975,30/06/1977
22/08/1981,NED,NED,Breda,NED,Haarlem,2,0,1.755169153,0.886469305,109.2273865,5.77576685,1506.155762,1445.438477,1.080636144,0.97489512,,,Saturday,avondje_nac_bea,avondje_nac,beatrix_straat,42,Jo Jansen,22/01/1979,30/06/1983
10/09/1977,NED,NED,Breda,NED,Vitesse,1,1,1.720462561,0.743528128,128.7729797,-5.352663517,1508.768555,1429.949707,0.914900899,0.983618379,,,Saturday,avondje_nac_bea,avondje_nac,beatrix_straat,43,Hans Dorjee,01/07/1977,30/06/1979
30/05/1981,NED,NED,Breda,NED,Groningen,4,2,1.844846964,0.951004624,111.347435,5.969706535,1483.906738,1436.240112,1.058860064,1.089868903,,,Saturday,avondje_nac_bea,avondje_nac,beatrix_straat,42,Jo Jansen,22/01/1979,30/06/1983
26/10/2013,NED,NED,Breda,NED,Go Ahead Eagles,5,0,1.82167089,0.920547545,88.37833405,8.59842968,1412.508179,1318.755493,1.015642047,1.057195902,,,Saturday,avondje_nac_rat,avondje_nac,rat_verlegh,17,Nebojsa Gudelj,21/11/2012,13/10/2014
02/03/2013,NED,NED,Breda,NED,Heerenveen,1,2,1.551012635,1.347689271,80.21569824,-8.741933823,1426.088135,1468.941162,1.016479969,1.265111566,,,Saturday,avondje_nac_rat,avondje_nac,rat_verlegh,17,Nebojsa Gudelj,21/11/2012,13/10/2014
24/10/2009,NED,NED,Breda,NED,Waalwijk,1,0,2.205839157,0.774601936,83.94537354,2.247230291,1494.334717,1290.993042,1.060784578,1.007201433,,,Saturday,avondje_nac_rat,avondje_nac,rat_verlegh,21,Robert Maaskant,01/07/2008,20/08/2010
23/04/1994,NED,NED,Breda,NED,Vitesse,2,2,1.279286265,1.291721702,84.10218048,0.621496379,1463.291626,1569.014648,1.094425917,0.993619978,,,Saturday,avondje_nac_bea,avondje_nac,beatrix_straat,32,Ronald Spelbos,01/01/1993,30/06/1995
21/08/1976,NED,NED,Breda,NED,Nijmegen,1,0,1.351522684,0.938645482,118.2661514,6.327215195,1485.81543,1534.165161,0.933629036,0.926158428,,,Saturday,avondje_nac_bea,avondje_nac,beatrix_straat,44,Bob Maaskant,01/07/1975,30/06/1977
27/09/2014,NED,NED,Breda,NED,Ajax,2,5,0.911710203,1.822439432,86.25769043,-6.298022747,1383.760864,1661.64978,1.014049053,0.960043848,,65,Saturday,avondje_nac_rat,avondje_nac,rat_verlegh,17,Nebojsa Gudelj,21/11/2012,13/10/2014
12/11/1977,NED,NED,Breda,NED,FC Amsterdam,3,2,1.758424997,0.851310015,123.1838913,4.118980408,1513.115601,1466.665649,0.913201451,1.121767282,,,Saturday,avondje_nac_bea,avondje_nac,beatrix_straat,43,Hans Dorjee,01/07/1977,30/06/1979
10/12/2005,NED,NED,Breda,NED,Heracles,2,1,1.74965322,1.004161,79.41510773,4.398504257,1462.926025,1388.295044,1.10430038,1.009201527,,,Saturday,avondje_nac_rat,avondje_nac,rat_verlegh,25,Mark Schenning,01/07/2005,30/06/2006
02/06/1979,NED,NED,Breda,NED,Feyenoord,0,0,1.128082395,1.42834866,119.1828766,1.826689243,1516.064575,1699.433594,0.958190262,0.948734462,,41,Saturday,avondje_nac_bea,avondje_nac,beatrix_straat,42,Jo Jansen,22/01/1979,30/06/1983
27/03/1982,NED,NED,Breda,NED,Twente,0,0,1.638179541,1.139722824,100.5746994,-2.175542593,1502.480103,1526.241211,1.044305444,1.11833477,,,Saturday,avondje_nac_bea,avondje_nac,beatrix_straat,42,Jo Jansen,22/01/1979,30/06/1983
23/08/1980,NED,NED,Breda,NED,Alkmaar,1,4,1.287430882,1.759337783,121.2529602,-9.741534233,1486.167236,1688.278076,1.012073159,1.144453645,,46,Saturday,avondje_nac_bea,avondje_nac,beatrix_straat,42,Jo Jansen,22/01/1979,30/06/1983
27/09/2008,NED,NED,Breda,NED,Heerenveen,4,2,1.590771914,1.315416336,86.23012543,9.825357437,1517.085693,1568.940674,1.030597329,1.307428718,,,Saturday,avondje_nac_rat,avondje_nac,rat_verlegh,21,Robert Maaskant,01/07/2008,20/08/2010
18/08/2007,NED,NED,Breda,NED,Groningen,0,3,1.43987453,1.359522462,87.3194046,-14.08850098,1450.421997,1531.458008,1.104623556,1.094613791,,,Saturday,avondje_nac_rat,avondje_nac,rat_verlegh,22,Ernie Brandts,01/07/2006,30/06/2008
14/10/2006,NED,NED,Breda,NED,Nijmegen,0,2,1.442750096,1.159348369,81.59173584,-12.96370125,1431.59314,1468.306885,1.15216434,0.958680868,,,Saturday,avondje_nac_rat,avondje_nac,rat_verlegh,22,Ernie Brandts,01/07/2006,30/06/2008
20/12/2003,NED,NED,Breda,NED,Roosendaal,3,2,1.671751857,0.772962034,97.81719971,3.753386021,1526.743774,1434.616943,0.96446085,0.872391224,,,Saturday,avondje_nac_rat,avondje_nac,rat_verlegh,26,Ton Lokhoff,01/07/2003,30/12/2005
27/10/1979,NED,NED,Breda,NED,Twente,1,0,1.558965683,1.098603845,126.3248291,6.164124966,1477.338989,1532.938965,0.962503374,1.128731966,,,Saturday,avondje_nac_bea,avondje_nac,beatrix_straat,42,Jo Jansen,22/01/1979,30/06/1983
02/10/2010,NED,NED,Breda,NED,Nijmegen,2,0,1.651051164,0.961744547,95.0535965,6.456315994,1487.769653,1431.751099,1.023088455,1.02658546,,,Saturday,avondje_nac_rat,avondje_nac,rat_verlegh,20,Gert Aandewiel,21/08/2010,30/06/2011
26/10/2024,NED,NED,Breda,NED,Waalwijk,4,1,1.453790426,1.125792265,56.45031738,11.35575008,1354.645508,1351.957397,0.977370918,1.054081321,,,Saturday,avondje_nac_rat,avondje_nac,rat_verlegh,0,Carl Hoefkens,01/07/2024,31/12/2028
20/12/1980,NED,NED,Breda,NED,Den Haag,1,0,1.620655656,1.207307577,117.8507004,6.395165443,1463.339355,1521.900391,1.042378783,1.137567878,,,Saturday,avondje_nac_bea,avondje_nac,beatrix_straat,42,Jo Jansen,22/01/1979,30/06/1983
06/12/1997,NED,NED,Breda,NED,Sparta Rotterdam,1,2,1.674079895,1.125874519,86.57495117,-9.953821182,1518.162842,1520.991333,1.040517092,1.181642056,,,Saturday,avondje_nac_rat,avondje_nac,rat_verlegh,30,Herbert Neumann,01/07/1997,08/10/1998
27/08/1977,NED,NED,Breda,NED,Ajax,0,0,1.025026917,1.625826359,129.1962128,3.387020588,1512.28125,1763.992188,0.925587714,0.924159467,,14,Saturday,avondje_nac_bea,avondje_nac,beatrix_straat,43,Hans Dorjee,01/07/1977,30/06/1979
08/05/1976,NED,NED,Breda,NED,Twente,1,0,0.994842172,1.789188862,118.8404236,11.83157158,1473.078125,1738.64917,0.971385837,0.906394005,,22,Saturday,avondje_nac_bea,avondje_nac,beatrix_straat,44,Bob Maaskant,01/07/1975,30/06/1977
25/01/2014,NED,NED,Breda,NED,Zwolle,1,2,1.621646404,1.026493073,85.27762604,-11.04816723,1410.398926,1378.80542,1.071151853,0.971107364,,,Saturday,avondje_nac_rat,avondje_nac,rat_verlegh,17,Nebojsa Gudelj,21/11/2012,13/10/2014
20/09/1980,NED,NED,Breda,NED,Twente,1,2,1.436145186,1.333887339,120.7754059,-7.782483578,1480.738647,1600.50061,1.023029804,1.091844678,,98,Saturday,avondje_nac_bea,avondje_nac,beatrix_straat,42,Jo Jansen,22/01/1979,30/06/1983
15/03/2008,NED,NED,Breda,NED,Excelsior,2,0,2.145797253,0.791190803,82.08466339,3.527550936,1508.480347,1323.187256,0.988129854,1.07072401,,,Saturday,avondje_nac_rat,avondje_nac,rat_verlegh,22,Ernie Brandts,01/07/2006,30/06/2008
22/12/2001,NED,NED,Breda,NED,Heerenveen,2,1,1.32870245,1.114636064,102.7081299,7.108742714,1536.345215,1601.358521,0.983826816,0.959496796,,,Saturday,avondje_nac_rat,avondje_nac,rat_verlegh,27,Henk ten Cate,01/07/2000,30/06/2003
09/12/1978,NED,NED,Breda,NED,Roda,0,0,1.201727271,1.341977,112.9671021,1.211475492,1495.700439,1650.966187,1.006430507,0.933350861,,64,Saturday,avondje_nac_bea,avondje_nac,beatrix_straat,43,Hans Dorjee,01/07/1977,30/06/1979
04/12/1993,NED,NED,Breda,NED,PSV,2,2,1.055050015,1.99718225,74.63439941,4.227046967,1415.080322,1646.401489,1.085871458,1.038789034,,73,Saturday,avondje_nac_bea,avondje_nac,beatrix_straat,32,Ronald Spelbos,01/01/1993,30/06/1995
08/11/1980,NED,NED,Breda,NED,Wageningen,1,1,1.663273454,0.896709621,115.1406403,-3.71873641,1461.856567,1441.290405,1.033571363,0.992542505,,,Saturday,avondje_nac_bea,avondje_nac,beatrix_straat,42,Jo Jansen,22/01/1979,30/06/1983
05/11/2011,NED,NED,Breda,NED,Vitesse,1,0,1.552768588,1.117477298,106.4238815,6.147437572,1454.039063,1484.201904,1.100864053,1.053519368,,,Saturday,avondje_nac_rat,avondje_nac,rat_verlegh,19,John Karelse,01/07/2011,23/10/2012
31/03/2007,NED,NED,Breda,NED,PSV,1,1,0.861858368,2.030626535,84.53957367,5.634914398,1483.423828,1789.604492,1.11788094,0.870021105,,22,Saturday,avondje_nac_rat,avondje_nac,rat_verlegh,22,Ernie Brandts,01/07/2006,30/06/2008
13/03/2010,NED,NED,Breda,NED,Groningen,0,3,1.529991984,1.144314528,88.28070831,-17.01489258,1478.739136,1498.978638,1.108556867,1.06278336,,,Saturday,avondje_nac_rat,avondje_nac,rat_verlegh,21,Robert Maaskant,01/07/2008,20/08/2010
01/11/2003,NED,NED,Breda,NED,PSV,1,3,0.930311739,1.66020143,96.13349915,-6.35563612,1566.593506,1807.001099,0.918961823,0.990291238,,17,Saturday,avondje_nac_rat,avondje_nac,rat_verlegh,26,Ton Lokhoff,01/07/2003,30/12/2005
31/08/2002,NED,NED,Breda,NED,Nijmegen,0,0,1.7585814,0.962894142,103.0302505,-4.383005619,1559.849243,1499.541138,1.01969564,1.007095814,,,Saturday,avondje_nac_rat,avondje_nac,rat_verlegh,27,Henk ten Cate,01/07/2000,30/06/2003
02/02/1985,NED,NED,Breda,NED,Feyenoord,1,3,0.950460374,2.522356987,95.1513443,-3.711809158,1358.609863,1695.177612,0.952545106,1.184262276,,42,Saturday,avondje_nac_bea,avondje_nac,beatrix_straat,39,Bob Maaskant,01/07/1984,30/06/1986
22/01/1977,NED,NED,Breda,NED,Alkmaar,0,0,1.399641514,1.296090007,129.7275238,0.099606253,1520.886108,1654.074341,1.004757166,1.041577339,,62,Saturday,avondje_nac_bea,avondje_nac,beatrix_straat,44,Bob Maaskant,01/07/1975,30/06/1977
15/10/2005,NED,NED,Breda,NED,Heerenveen,0,3,1.426567316,1.597421408,75.51005554,-11.49413967,1475.220581,1595.276123,1.086581349,1.176254749,,,Saturday,avondje_nac_rat,avondje_nac,rat_verlegh,25,Mark Schenning,01/07/2005,30/06/2006
07/02/1981,NED,NED,Breda,NED,Zwolle,0,0,1.44258213,0.938488841,117.7453995,-2.373245478,1468.105713,1501.793579,1.037426114,0.894481361,,,Saturday,avondje_nac_bea,avondje_nac,beatrix_straat,42,Jo Jansen,22/01/1979,30/06/1983
16/04/1983,NED,NED,Breda,NED,Roda,2,2,1.456572056,1.456427455,107.9007492,0.362485796,1400.74292,1521.243164,1.034452319,1.162483931,,,Saturday,avondje_nac_bea,avondje_nac,beatrix_straat,42,Jo Jansen,22/01/1979,30/06/1983
19/01/2013,NED,NED,Breda,NED,Venlo,1,0,1.806106329,1.080915809,83.37595367,4.628296375,1387.572632,1330.115479,1.034388065,1.127544045,,,Saturday,avondje_nac_rat,avondje_nac,rat_verlegh,17,Nebojsa Gudelj,21/11/2012,13/10/2014
08/05/1999,NED,NED,Breda,NED,Sparta Rotterdam,5,0,1.558147192,1.123571277,84.71750641,13.60511684,1377.247437,1389.675171,1.019849777,1.121132255,,,Saturday,avondje_nac_rat,avondje_nac,rat_verlegh,28,Kees Zwamborn,23/03/1999,30/06/2000
30/04/1983,NED,NED,Breda,NED,Willem II,2,2,1.698815346,1.205872536,106.572113,-1.892118931,1407.756592,1447.787964,1.063190341,1.177898288,,,Saturday,avondje_nac_bea,avondje_nac,beatrix_straat,42,Jo Jansen,22/01/1979,30/06/1983
16/05/2009,PS2,NED,Breda,NED,Feyenoord,3,2,1.440527797,1.207942128,90.1681366,3.001155138,1446.238159,1503.621582,1.038680315,1.121255159,,,Saturday,avondje_nac_rat,avondje_nac,rat_verlegh,21,Robert Maaskant,01/07/2008,20/08/2010
30/01/2010,NED,NED,Breda,NED,Venlo,2,0,1.932609558,0.889175057,86.3133316,4.831261158,1490.047729,1369.876221,1.083400249,0.994813144,,,Saturday,avondje_nac_rat,avondje_nac,rat_verlegh,21,Robert Maaskant,01/07/2008,20/08/2010
21/11/2009,NED,NED,Breda,NED,Nijmegen,3,3,1.53616631,0.914794505,82.65323639,-3.984389544,1501.685059,1437.792725,1.050977349,0.900378466,,,Saturday,avondje_nac_rat,avondje_nac,rat_verlegh,21,Robert Maaskant,01/07/2008,20/08/2010
09/11/2002,NED,NED,Breda,NED,Groningen,0,0,2.0937922,0.765585363,97.99441528,-6.476322174,1575.053467,1405.102173,0.97562027,1.004096389,,,Saturday,avondje_nac_rat,avondje_nac,rat_verlegh,27,Henk ten Cate,01/07/2000,30/06/2003
26/02/1983,NED,NED,Breda,NED,Groningen,1,1,1.406404614,1.491763949,98.02138519,0.878453732,1408.273804,1536.894653,1.028597713,1.155714393,,,Saturday,avondje_nac_bea,avondje_nac,beatrix_straat,42,Jo Jansen,22/01/1979,30/06/1983
22/12/2018,NED,NED,Breda,NED,Heerenveen,4,2,1.344216824,1.561494946,63.18061447,12.58083439,1305.850952,1407.311523,1.026024342,1.250590205,,,Saturday,avondje_nac_rat,avondje_nac,rat_verlegh,12,Mitchell van der Gaag,01/07/2018,18/03/2019
04/03/2006,NED,NED,Breda,NED,Roosendaal,2,1,1.886149526,1.004493356,72.1660614,4.014267921,1433.597046,1335.5625,1.108102798,1.05351007,,,Saturday,avondje_nac_rat,avondje_nac,rat_verlegh,24,Cees Lok,02/01/2006,23/04/2006
02/03/1985,NED,NED,Breda,NED,Roda,2,0,1.242898822,1.436148763,93.50923157,12.96173668,1354.898071,1497.084839,0.955308139,1.112939715,,,Saturday,avondje_nac_bea,avondje_nac,beatrix_straat,39,Bob Maaskant,01/07/1984,30/06/1986
14/09/1996,NED,NED,Breda,NED,Alkmaar,1,0,1.982463241,0.803262353,83.02101135,3.012129307,1581.038086,1434.352783,1.117766619,0.957402468,,,Saturday,avondje_nac_rat,avondje_nac,rat_verlegh,31,Wim Rijsbergen,01/07/1995,30/06/1997
19/08/2000,NED,NED,Breda,NED,Waalwijk,0,1,1.499778986,1.166391253,87.56718445,-9.415770531,1380.346191,1407.498413,1,1.104017138,,,Saturday,avondje_nac_rat,avondje_nac,rat_verlegh,27,Henk ten Cate,01/07/2000,30/06/2003
25/03/1995,NED,NED,Breda,NED,Groningen,1,3,1.819970727,1.027220488,94.22949219,-15.74921989,1481.872803,1444.295044,1.151536942,1.082858801,,,Saturday,avondje_nac_bea,avondje_nac,beatrix_straat,32,Ronald Spelbos,01/01/1993,30/06/1995
23/02/1980,NED,NED,Breda,NED,Haarlem,1,0,1.594627261,0.900201976,124.2127762,4.983763218,1432.525757,1430.129639,0.936380625,1.064840674,,,Saturday,avondje_nac_bea,avondje_nac,beatrix_straat,42,Jo Jansen,22/01/1979,30/06/1983
15/09/2001,NED,NED,Breda,NED,PSV,2,0,0.91505003,1.90825069,91.94665527,17.87896156,1451.134155,1727.654297,0.92604214,1.055804133,,44,Saturday,avondje_nac_rat,avondje_nac,rat_verlegh,27,Henk ten Cate,01/07/2000,30/06/2003
06/10/2007,NED,NED,Breda,NED,De Graafschap,1,0,1.901336551,0.920986056,78.94742584,3.684244871,1449.050415,1335.533813,1.11812377,1.020733595,,,Saturday,avondje_nac_rat,avondje_nac,rat_verlegh,22,Ernie Brandts,01/07/2006,30/06/2008
22/10/2005,NED,NED,Breda,NED,Twente,1,1,1.273973107,1.305953979,75.85478973,0.543167651,1471.24646,1565.991333,1.084673047,0.953687727,,,Saturday,avondje_nac_rat,avondje_nac,rat_verlegh,25,Mark Schenning,01/07/2005,30/06/2006
24/10/1981,NED,NED,Breda,NED,Den Haag,5,0,2.097459316,0.961053729,111.7669296,8.184183121,1522.631836,1449.036865,1.073668361,1.180848122,,,Saturday,avondje_nac_bea,avondje_nac,beatrix_straat,42,Jo Jansen,22/01/1979,30/06/1983
26/08/1978,NED,NED,Breda,NED,Ajax,1,7,1.087069273,1.937483549,119.2402115,-10.66116619,1533.346313,1793.481934,0.965381324,1.048342943,,9,Saturday,avondje_nac_bea,avondje_nac,beatrix_straat,43,Hans Dorjee,01/07/1977,30/06/1979
01/11/2008,NED,NED,Breda,NED,Groningen,1,0,1.596491814,1.064928532,87.18575287,5.572841167,1553.46228,1541.639038,1.045864344,1.105577469,,,Saturday,avondje_nac_rat,avondje_nac,rat_verlegh,21,Robert Maaskant,01/07/2008,20/08/2010
11/04/1998,NED,NED,Breda,NED,Utrecht,2,1,1.734663606,0.996161997,91.78479004,4.764839172,1512.497437,1474.441772,0.997848034,1.147444367,,,Saturday,avondje_nac_rat,avondje_nac,rat_verlegh,30,Herbert Neumann,01/07/1997,08/10/1998
16/10/1982,NED,NED,Breda,NED,Nijmegen,1,1,1.478632092,0.943545699,101.6026077,-2.622344494,1443.265015,1451.578979,1.005702972,0.939888,,,Saturday,avondje_nac_bea,avondje_nac,beatrix_straat,42,Jo Jansen,22/01/1979,30/06/1983
03/03/2018,NED,NED,Breda,NED,Feyenoord,2,1,0.92458266,1.900816441,62.93328857,12.84790611,1299.518677,1552.474243,0.99366498,1.043888927,,,Saturday,avondje_nac_rat,avondje_nac,rat_verlegh,13,Stijn Vreven,01/01/2017,30/06/2018
28/02/2009,NED,NED,Breda,NED,Sparta Rotterdam,3,1,1.955773234,1.027058601,89.49180603,5.504299164,1489.848999,1401.687134,1.036768913,1.213139892,,,Saturday,avondje_nac_rat,avondje_nac,rat_verlegh,21,Robert Maaskant,01/07/2008,20/08/2010
29/01/1994,NED,NED,Breda,NED,Twente,2,1,1.389458656,1.354257584,80.3181839,8.152462959,1446.863647,1540.894409,1.107842803,1.072908998,,,Saturday,avondje_nac_bea,avondje_nac,beatrix_straat,32,Ronald Spelbos,01/01/1993,30/06/1995
25/08/1979,NED,NED,Breda,NED,Willem II,0,1,1.783993721,0.778334558,120.9043961,-12.95401669,1515.664307,1439.998779,0.967890799,0.98343879,,,Saturday,avondje_nac_bea,avondje_nac,beatrix_straat,42,Jo Jansen,22/01/1979,30/06/1983
20/02/2010,NED,NED,Breda,NED,Utrecht,0,2,1.490950942,1.016512394,92.31391907,-15.05931664,1489.382813,1475.896484,1.103958726,0.925927699,,,Saturday,avondje_nac_rat,avondje_nac,rat_verlegh,21,Robert Maaskant,01/07/2008,20/08/2010
06/03/1999,NED,NED,Breda,NED,Heerenveen,2,2,1.346829534,1.587248087,91.56367493,1.468215585,1390.080078,1533.026123,1.026922464,1.192753792,,,Saturday,avondje_nac_rat,avondje_nac,rat_verlegh,29,Ronald Spelbos,13/10/1998,22/03/1999
13/11/2004,NED,NED,Breda,NED,Alkmaar,0,3,1.665712595,1.549313545,91.08132172,-13.45728207,1553.131714,1642.546509,1.195308328,1.180299997,,91,Saturday,avondje_nac_rat,avondje_nac,rat_verlegh,26,Ton Lokhoff,01/07/2003,30/12/2005
01/09/2007,NED,NED,Breda,NED,Heracles,4,1,1.559090734,1.035564184,84.39457703,9.254920006,1425.053467,1397.053711,1.113502264,0.995720208,,,Saturday,avondje_nac_rat,avondje_nac,rat_verlegh,22,Ernie Brandts,01/07/2006,30/06/2008
06/02/1982,NED,NED,Breda,NED,Alkmaar,0,1,1.192747474,2.132546186,105.9580307,-4.208483696,1505.157593,1753.648315,1.058944464,1.121808887,,18,Saturday,avondje_nac_bea,avondje_nac,beatrix_straat,42,Jo Jansen,22/01/1979,30/06/1983
24/09/2011,NED,NED,Breda,NED,Utrecht,1,0,1.429268122,1.248221159,106.4015732,7.494152546,1441.597778,1528.54541,1.082787156,1.04953444,,,Saturday,avondje_nac_rat,avondje_nac,rat_verlegh,19,John Karelse,01/07/2011,23/10/2012
29/08/1981,NED,NED,Breda,NED,Feyenoord,0,1,1.411435008,1.524720311,106.0669785,-6.75925684,1514.052124,1653.366333,1.070667744,1.116806388,,69,Saturday,avondje_nac_bea,avondje_nac,beatrix_straat,42,Jo Jansen,22/01/1979,30/06/1983
13/12/2014,NED,NED,Breda,NED,Heerenveen,0,2,1.290340543,1.550592065,76.15538788,-9.223557472,1350.275391,1481.237061,1.040835142,1.155548811,,,Saturday,avondje_nac_rat,avondje_nac,rat_verlegh,16,Eric Hellemons,13/10/2014,01/01/2015
22/12/2012,NED,NED,Breda,NED,PSV,1,6,1.018180728,2.200351954,85.77033234,-7.353102684,1394.925659,1684.416992,1.01335597,1.204990983,,58,Saturday,avondje_nac_rat,avondje_nac,rat_verlegh,17,Nebojsa Gudelj,21/11/2012,13/10/2014
29/04/1978,NED,NED,Breda,NED,Den Haag,1,0,1.564737678,0.991733551,116.1117325,5.627223492,1524.688599,1544.555176,0.977349818,1.050498486,,,Saturday,avondje_nac_bea,avondje_nac,beatrix_straat,43,Hans Dorjee,01/07/1977,30/06/1979
26/11/1994,NED,NED,Breda,NED,Nijmegen,2,0,1.825355172,0.966581523,85.52837372,6.275721073,1480.16748,1419.744141,1.149251819,1.026455283,,,Saturday,avondje_nac_bea,avondje_nac,beatrix_straat,32,Ronald Spelbos,01/01/1993,30/06/1995
09/08/2014,NED,NED,Breda,NED,Excelsior,1,1,1.798740983,0.851463974,86.29055786,-5.048370361,1381.39978,1274.59375,0.996499538,1,,,Saturday,avondje_nac_rat,avondje_nac,rat_verlegh,17,Nebojsa Gudelj,21/11/2012,13/10/2014
15/05/1982,NED,NED,Breda,NED,PSV,2,0,1.093318343,1.707882643,105.6830368,15.48642921,1474.518799,1698.45105,0.987027586,0.97656095,,39,Saturday,avondje_nac_bea,avondje_nac,beatrix_straat,42,Jo Jansen,22/01/1979,30/06/1983
18/03/1995,NED,NED,Breda,NED,Volendam,0,1,1.602110744,1.053681493,90.19802856,-10.1296711,1492.002441,1495.973999,1.166480541,0.991639197,,,Saturday,avondje_nac_bea,avondje_nac,beatrix_straat,32,Ronald Spelbos,01/01/1993,30/06/1995
25/11/1995,NED,NED,Breda,NED,Volendam,4,0,1.841488361,0.972393513,81.56378174,8.589550972,1552.876953,1479.411987,1.116804123,1.019691229,,,Saturday,avondje_nac_bea,avondje_nac,beatrix_straat,31,Wim Rijsbergen,01/07/1995,30/06/1997
29/09/2018,NED,NED,Breda,NED,PSV,0,2,0.721046031,2.791438103,60.40642166,-2.127616644,1294.335205,1703.005615,1.033936024,1.135020018,,44,Saturday,avondje_nac_rat,avondje_nac,rat_verlegh,12,Mitchell van der Gaag,01/07/2018,18/03/2019
04/11/2000,NED,NED,Breda,NED,Nijmegen,2,2,1.41132009,1.063337326,95.36242676,-1.882442951,1424.389771,1453.560059,1.007796049,0.973559201,,,Saturday,avondje_nac_rat,avondje_nac,rat_verlegh,27,Henk ten Cate,01/07/2000,30/06/2003
18/03/1978,NED,NED,Breda,NED,Go Ahead Eagles,2,1,1.817374825,0.881926119,121.3817139,4.392758369,1548.268555,1517.985474,0.973993301,1.134050131,,,Saturday,avondje_nac_bea,avondje_nac,beatrix_straat,43,Hans Dorjee,01/07/1977,30/06/1979
30/10/1982,NED,NED,Breda,NED,Zwolle,0,2,1.606782556,0.933031201,103.7668762,-15.52502728,1429.672974,1419.00293,1.011946201,1.024885178,,,Saturday,avondje_nac_bea,avondje_nac,beatrix_straat,42,Jo Jansen,22/01/1979,30/06/1983
09/02/2008,NED,NED,Breda,NED,Utrecht,1,0,1.462053418,1.065754056,86.12277222,6.172564507,1503.298096,1514.757568,1.00028348,1.078592181,,,Saturday,avondje_nac_rat,avondje_nac,rat_verlegh,22,Ernie Brandts,01/07/2006,30/06/2008
23/12/2017,NED,NED,Breda,NED,Utrecht,3,1,0.95560956,1.845542908,59.4853096,17.36276054,1274.67688,1502.394653,1.001580477,1.061468005,,,Saturday,avondje_nac_rat,avondje_nac,rat_verlegh,13,Stijn Vreven,01/01/2017,30/06/2018
16/03/2019,NED,NED,Breda,NED,Utrecht,0,4,1.120354295,1.680383325,73.14334106,-10.20476246,1298.565063,1486.891846,1.015471578,1.101386428,,,Saturday,avondje_nac_rat,avondje_nac,rat_verlegh,12,Mitchell van der Gaag,01/07/2018,18/03/2019
23/02/2019,NED,NED,Breda,NED,Groningen,0,0,1.173985839,1.423291683,75.18975067,1.586527228,1288.327271,1419.108276,1.034968257,1.026145458,,,Saturday,avondje_nac_rat,avondje_nac,rat_verlegh,12,Mitchell van der Gaag,01/07/2018,18/03/2019
23/10/1976,NED,NED,Breda,NED,Twente,3,1,1.245178223,1.238156319,118.1840363,12.06911182,1493.3573,1630.259155,0.988516927,0.918180704,,69,Saturday,avondje_nac_bea,avondje_nac,beatrix_straat,44,Bob Maaskant,01/07/1975,30/06/1977
30/10/2010,NED,NED,Breda,NED,De Graafschap,2,0,1.872018218,0.895727038,97.22853851,5.167338371,1468.849243,1374.286743,1.032672167,1.034000158,,,Saturday,avondje_nac_rat,avondje_nac,rat_verlegh,20,Gert Aandewiel,21/08/2010,30/06/2011
15/10/1994,NED,NED,Breda,NED,Dordrecht,1,1,1.875754237,0.875142992,81.35289001,-4.889302731,1474.109009,1369.704224,1.182033658,0.96921283,,,Saturday,avondje_nac_bea,avondje_nac,beatrix_straat,32,Ronald Spelbos,01/01/1993,30/06/1995
22/11/1997,NED,NED,Breda,NED,Sittard,3,1,1.628553629,0.972628832,84.51348877,6.991774082,1510.726929,1471.094849,1.062705278,0.989795327,,,Saturday,avondje_nac_rat,avondje_nac,rat_verlegh,30,Herbert Neumann,01/07/1997,08/10/1998
03/02/1996,NED,NED,Breda,NED,De Graafschap,2,1,2.022855997,0.882074594,75.45034027,3.240289211,1554.803955,1416.615112,1.093113303,1.045041084,,,Saturday,avondje_nac_bea,avondje_nac,beatrix_straat,31,Wim Rijsbergen,01/07/1995,30/06/1997
22/11/1980,NED,NED,Breda,NED,Sparta Rotterdam,5,0,1.64109087,1.252107382,116.3433533,14.49173164,1458.137817,1519.522217,1.028914809,1.183470726,,,Saturday,avondje_nac_bea,avondje_nac,beatrix_straat,42,Jo Jansen,22/01/1979,30/06/1983
16/09/2000,NED,NED,Breda,NED,De Graafschap,3,0,1.427307963,1.14484179,92.78874207,11.82698822,1389.770996,1437.35498,1.006281018,1.050235987,,,Saturday,avondje_nac_rat,avondje_nac,rat_verlegh,27,Henk ten Cate,01/07/2000,30/06/2003
01/11/2025,NED,NED,Breda,NED,Go Ahead Eagles,1,0,1.175682306,1.581605792,62.24933624,10.19498539,1346.558594,1494.795776,0.994410634,1.068946242,,,Saturday,avondje_nac_rat,avondje_nac,rat_verlegh,0,Carl Hoefkens,01/07/2024,31/12/2028
14/12/2002,NED,NED,Breda,NED,Waalwijk,1,0,1.520360351,0.935680926,97.69013214,5.091524124,1575.072144,1548.725098,0.963112295,1.003961086,,,Saturday,avondje_nac_rat,avondje_nac,rat_verlegh,27,Henk ten Cate,01/07/2000,30/06/2003
15/03/1997,NED,NED,Breda,NED,Willem II,0,1,1.997041583,0.989779174,79.1800766,-12.0220232,1555.571777,1463.175537,1.142844677,1.086041331,,,Saturday,avondje_nac_rat,avondje_nac,rat_verlegh,31,Wim Rijsbergen,01/07/1995,30/06/1997
29/03/2025,NED,NED,Breda,NED,Groningen,1,1,1.283485413,1.112812281,60.73888779,-0.84181422,1369.763428,1401.185303,0.982372761,0.909363687,,,Saturday,avondje_nac_rat,avondje_nac,rat_verlegh,0,Carl Hoefkens,01/07/2024,31/12/2028
20/01/1996,NED,NED,Breda,NED,Groningen,1,1,1.762212157,1.02235043,77.01904297,-3.538551807,1558.342529,1506.864624,1.100150585,1.070800424,,,Saturday,avondje_nac_bea,avondje_nac,beatrix_straat,31,Wim Rijsbergen,01/07/1995,30/06/1997
16/04/2011,NED,NED,Breda,NED,Excelsior,1,2,2.037092209,0.841749787,97.75526428,-13.77756977,1478.435547,1339.026733,1.081124306,1.027493358,,,Saturday,avondje_nac_rat,avondje_nac,rat_verlegh,20,Gert Aandewiel,21/08/2010,30/06/2011
21/12/2013,NED,NED,Breda,NED,Cambuur,1,0,1.789191365,0.892773211,83.72956848,3.842885017,1414.572144,1315.565552,1.085437655,0.952046335,,,Saturday,avondje_nac_rat,avondje_nac,rat_verlegh,17,Nebojsa Gudelj,21/11/2012,13/10/2014
25/02/2012,NED,NED,Breda,NED,Den Haag,4,0,1.576789498,1.171236634,107.9581757,12.32866669,1444.665283,1478.396362,1.034892321,1.17113328,,,Saturday,avondje_nac_rat,avondje_nac,rat_verlegh,19,John Karelse,01/07/2011,23/10/2012
13/10/1984,NED,NED,Breda,NED,Maastricht,1,1,1.460564971,0.979541183,93.528862,-2.191677809,1357.192017,1373.318604,0.968304694,1.007279873,,,Saturday,avondje_nac_bea,avondje_nac,beatrix_straat,39,Bob Maaskant,01/07/1984,30/06/1986